"RegionID","RegionName","RegionType","StateName","SizeRank","2010-11","2010-12","2011-1","2011-2","2011-3","2011-4","2011-5","2011-6","2011-7","2011-8","2011-9","2011-10","2011-11","2011-12","2012-1","2012-2","2012-3","2012-4","2012-5","2012-6","2012-7","2012-8","2012-9","2012-10","2012-11","2012-12","2013-1","2013-2","2013-3","2013-4","2013-5","2013-6","2013-7","2013-8","2013-9","2013-10","2013-11","2013-12","2014-1","2014-2","2014-3","2014-4","2014-5","2014-6","2014-7","2014-8","2014-9","2014-10","2014-11","2014-12","2015-1","2015-2","2015-3","2015-4","2015-5","2015-6","2015-7","2015-8","2015-9","2015-10","2015-11","2015-12","2016-1","2016-2","2016-3","2016-4","2016-5","2016-6","2016-7","2016-8","2016-9","2016-10","2016-11","2016-12","2017-1","2017-2","2017-3","2017-4","2017-5","2017-6","2017-7","2017-8","2017-9","2017-10","2017-11","2017-12","2018-1","2018-2","2018-3","2018-4","2018-5","2018-6","2018-7","2018-8","2018-9","2018-10","2018-11","2018-12","2019-1","2019-2","2019-3","2019-4"
9,"California","State","CA",1,9.61,9.61,9.61,9.41,9.22,9.22,9.41,9.61,9.22,9.22,8.63,9.02,9.41,9.41,9.41,9.41,9.41,9.22,9.22,9.41,9.8,9.8,9.8,10,10,10,10,10,10,10,10,10,10,10,10,10,10,10,10,9.8,9.8,9.8,9.8,9.61,9.61,9.61,9.61,9.61,9.61,9.61,9.61,9.61,9.41,9.02,9.22,9.41,9.61,9.61,9.61,9.41,9.41,9.22,9.22,9.22,9.22,9.22,9.22,9.22,9.22,9.22,9.22,9.22,9.22,9.22,9.22,9.22,9.22,9.22,9.22,9.41,9.41,9.41,9.41,9.41,9.41,9.41,9.22,9.22,9.22,9.22,9.02,9.02,9.02,9.02,9.22,9.22,9.02,8.82,8.24,8.04,7.45,6.67
54,"Texas","State","TX",2,5.69,5.29,5.29,5.29,4.71,4.31,4.51,4.9,5.1,5.49,5.88,5.88,5.69,6.08,6.08,6.08,5.88,6.27,6.47,6.86,6.86,6.86,6.86,6.86,6.67,6.86,6.86,6.86,6.86,7.25,7.84,7.84,8.04,8.04,8.43,8.43,8.63,8.82,9.02,8.82,9.02,9.41,9.41,9.41,9.41,9.41,9.41,9.41,9.41,9.41,9.41,9.41,9.61,9.41,9.41,9.02,9.22,9.22,9.22,9.02,9.02,8.82,8.82,8.82,8.63,8.63,8.63,8.63,8.82,8.63,8.82,9.02,9.02,9.02,9.02,9.02,8.63,8.24,8.24,8.04,7.84,8.04,7.84,7.25,7.06,7.06,7.06,7.06,6.47,6.67,6.47,6.47,6.47,6.47,6.27,6.27,6.08,5.88,5.49,5.29,5.49,5.49
43,"New York","State","NY",3,0.2,0.2,0.2,0.2,0.2,0.2,0.39,0.39,0.39,0.2,0.2,0.2,0.39,0.39,0.39,0.2,0.2,0.2,0.2,0.2,0.2,0.2,0.2,0.2,0.2,0.2,0.2,0.2,0.2,0.2,0.2,0.2,0.2,0.2,0.2,0.2,0.2,0.2,0.2,0.2,0.2,0.2,0.2,0.2,0.2,0.2,0.2,0.2,0.2,0.2,0.2,0.2,0.2,0.2,0.2,0.2,0.2,0.2,0.2,0.2,0.2,0.2,0.2,0.2,0.2,0.2,0.2,0.2,0.2,0.2,0.2,0.2,0.2,0.2,0.2,0.2,0.2,0.2,0.2,0.2,0.2,0.2,0.2,0.2,0.2,0.2,0.2,0.2,0.2,0.2,0.2,0.2,0.2,0.2,0.2,0.2,0.2,0.2,0.2,0.2,0.2,0.2
14,"Florida","State","FL",4,7.25,6.67,6.86,6.27,6.27,6.27,6.47,6.27,6.08,6.47,6.47,6.47,6.67,6.67,6.67,6.86,6.86,6.86,6.67,6.67,6.47,6.47,6.08,6.47,6.47,6.47,6.67,6.67,6.47,6.27,6.47,6.08,5.69,5.49,5.49,5.49,5.49,5.29,5.1,4.71,4.51,4.31,4.12,4.12,4.12,4.12,3.73,3.73,3.53,3.53,3.53,3.53,3.73,4.12,4.51,4.71,4.71,4.12,3.92,3.92,4.12,3.92,3.92,3.92,4.31,4.31,4.31,4.12,3.92,3.73,3.53,3.14,2.94,2.75,2.75,2.75,2.55,2.55,2.55,2.55,2.55,2.55,2.55,2.55,2.55,2.35,2.35,2.55,2.94,2.75,2.75,2.16,2.35,2.35,2.35,2.35,2.35,2.35,2.35,2.16,2.16,1.57
21,"Illinois","State","IL",5,1.96,1.96,1.57,1.37,1.57,1.57,2.35,2.35,2.55,1.96,2.55,2.55,1.96,2.55,2.75,3.14,2.75,2.55,1.96,1.57,1.96,1.96,2.35,2.35,2.55,2.35,2.35,2.35,2.55,2.94,2.94,2.94,2.55,2.35,2.16,2.16,2.55,2.75,3.53,3.53,3.33,3.14,2.94,3.33,3.33,2.94,2.35,2.35,1.96,1.76,1.76,1.57,1.57,1.57,1.76,1.57,1.57,1.57,1.37,1.37,1.37,1.57,1.57,1.76,1.96,1.96,1.96,1.76,1.57,1.96,1.76,1.96,1.76,1.57,1.76,1.76,1.76,1.76,1.96,1.96,2.16,1.57,1.76,1.96,1.96,1.96,1.96,2.16,2.16,1.96,1.96,1.76,1.76,1.76,1.76,1.96,1.96,1.96,1.57,1.37,1.37,1.37
47,"Pennsylvania","State","PA",6,2.16,2.16,1.96,1.76,1.76,1.37,1.57,1.57,1.57,1.37,1.37,1.18,1.37,1.57,1.57,1.76,1.57,1.18,0.78,0.98,1.18,1.18,1.18,1.18,1.18,1.37,1.37,1.37,1.18,1.18,1.18,1.18,1.18,0.98,0.98,0.98,0.98,1.18,1.37,1.37,1.37,1.18,1.18,1.18,1.18,1.18,1.18,1.57,1.18,1.18,1.18,1.18,1.18,1.18,1.37,1.18,1.37,1.37,1.57,1.57,1.57,1.37,1.37,1.37,1.76,1.57,1.37,1.18,1.18,1.37,1.37,1.57,1.57,1.96,1.96,1.96,1.96,1.96,2.16,2.16,1.76,1.76,1.96,2.16,2.16,2.55,2.55,2.35,2.35,2.35,2.55,2.35,2.55,2.55,2.55,2.55,2.75,2.75,2.94,2.75,2.75,2.94
44,"Ohio","State","OH",7,5.49,4.9,4.31,4.12,4.51,4.9,5.69,5.88,5.49,4.51,4.51,4.51,4.9,4.51,5.1,4.71,4.51,4.12,3.73,3.33,3.53,3.92,3.92,3.92,3.92,3.92,3.92,3.73,3.73,4.12,4.31,4.51,4.31,4.12,4.12,3.92,4.12,4.12,4.12,3.92,3.92,4.51,4.51,4.31,4.31,4.51,4.51,4.51,4.71,4.31,4.51,4.51,4.51,4.51,4.31,4.12,3.92,4.71,4.71,4.31,4.51,4.51,4.71,4.71,5.1,5.1,4.9,5.1,5.29,5.29,5.1,5.1,5.1,5.1,5.1,5.29,5.29,5.49,5.29,5.49,5.88,6.08,6.47,6.67,6.67,6.67,6.67,6.27,6.27,6.08,6.27,6.27,6.67,6.67,6.86,6.86,7.06,7.65,7.65,7.84,8.04,8.04
30,"Michigan","State","MI",8,8.24,8.24,7.65,7.25,7.65,7.45,7.65,7.84,7.45,7.25,7.06,7.06,7.25,7.06,6.86,6.47,6.47,6.47,6.27,6.47,6.27,6.08,5.88,6.08,6.27,5.29,4.71,4.51,4.9,5.1,5.1,5.1,5.1,5.29,4.9,4.9,4.51,5.1,5.29,5.49,5.1,5.1,5.1,4.51,4.71,4.71,4.71,4.71,4.51,4.12,4.12,4.12,4.31,3.73,3.53,3.53,3.53,3.53,3.53,3.73,3.73,3.73,3.53,3.53,3.33,3.73,3.53,3.53,3.73,4.12,4.12,4.31,4.51,4.51,4.31,4.31,4.71,4.71,4.71,4.71,4.71,4.9,4.71,4.51,4.31,4.31,4.51,4.9,4.71,4.71,4.51,5.1,5.29,5.49,5.49,5.29,5.49,5.49,5.29,5.49,5.69,5.69
16,"Georgia","State","GA",9,2.94,2.75,2.16,2.16,2.16,1.76,2.55,2.94,3.33,3.53,4.12,4.31,4.51,5.49,6.27,6.67,7.06,7.45,7.65,7.25,7.25,7.06,7.06,7.06,7.06,7.06,7.06,7.06,7.25,7.65,7.45,7.45,7.06,7.25,7.06,7.06,7.06,7.06,7.06,7.25,7.06,6.86,6.86,6.67,6.67,6.86,6.86,7.06,7.25,7.45,7.25,7.25,6.86,6.86,6.47,6.47,6.67,6.47,6.67,6.67,6.67,6.47,6.47,6.27,6.08,5.88,6.27,6.47,6.47,6.67,6.67,6.67,6.47,6.08,6.67,6.67,6.47,6.08,5.69,6.08,6.08,6.27,6.67,6.86,6.86,6.86,6.86,6.86,7.06,6.86,7.06,6.86,7.06,7.25,7.25,7.45,7.25,7.45,7.45,7.65,7.65,7.25
36,"North Carolina","State","NC",10,3.14,3.14,2.75,2.75,2.94,3.14,2.75,2.55,2.94,2.16,2.16,2.35,2.16,2.75,2.55,2.35,2.55,2.16,2.55,2.55,2.55,2.55,2.75,2.94,3.14,3.14,3.33,3.33,3.53,3.92,3.92,3.73,4.12,4.31,4.51,4.31,4.31,4.31,4.51,4.31,4.31,4.71,4.71,4.71,4.51,4.31,4.31,4.31,4.31,4.51,4.71,4.71,4.71,4.71,4.9,4.9,5.1,4.9,5.1,5.49,5.29,5.1,5.69,5.69,6.27,6.08,5.88,6.08,5.69,5.69,5.88,6.08,6.27,6.27,6.47,6.47,6.67,6.67,6.67,6.86,6.86,7.25,7.65,7.84,7.84,7.84,7.84,7.84,7.84,7.65,7.65,7.65,7.65,7.65,7.65,7.65,7.45,7.06,6.86,6.47,6.47,6.47
40,"New Jersey","State","NJ",11,0.39,0.39,0.39,0.39,0.39,0.39,0.2,0.2,0.2,0.39,0.39,0.39,0.2,0.2,0.2,0.39,0.39,0.39,0.39,0.39,0.39,0.39,0.39,0.39,0.39,0.39,0.39,0.39,0.39,0.39,0.39,0.59,0.59,0.59,0.59,0.59,0.59,0.39,0.39,0.39,0.39,0.39,0.39,0.39,0.39,0.39,0.39,0.39,0.39,0.39,0.39,0.39,0.39,0.39,0.59,0.59,0.59,0.39,0.39,0.39,0.39,0.39,0.39,0.39,0.59,0.59,0.59,0.59,0.59,0.59,0.59,0.59,0.39,0.39,0.39,0.39,0.39,0.39,0.39,0.39,0.39,0.39,0.39,0.39,0.39,0.39,0.39,0.39,0.39,0.39,0.39,0.39,0.39,0.39,0.39,0.39,0.39,0.39,0.39,0.39,0.39,0.59
56,"Virginia","State","VA",12,8.82,8.63,8.82,8.63,8.24,7.65,7.06,7.45,8.04,7.84,7.84,7.65,7.65,7.45,7.25,7.25,7.25,8.04,8.04,7.65,7.65,7.25,7.45,7.45,7.45,7.25,7.25,7.65,7.65,7.84,8.04,7.65,7.65,7.45,7.45,7.45,7.25,7.45,7.45,7.45,7.45,7.65,7.84,7.25,6.27,6.27,6.27,5.69,5.49,5.49,5.1,4.9,4.9,4.9,4.71,5.1,5.49,5.49,5.49,4.71,4.31,4.12,4.12,4.12,3.92,3.14,3.14,3.92,5.1,4.9,4.9,4.9,4.9,4.9,4.9,4.9,4.9,5.29,5.49,5.1,4.9,4.51,4.51,4.31,4.51,4.71,4.71,4.71,4.9,5.1,5.49,5.29,5.1,5.1,5.29,5.49,5.69,5.69,5.69,6.27,6.67,7.06
59,"Washington","State","WA",13,4.31,4.71,4.9,5.1,5.1,5.88,6.86,7.06,7.25,6.86,6.86,6.86,6.86,7.25,7.45,7.65,7.84,7.84,7.84,7.45,7.84,8.04,8.24,8.43,8.63,8.82,8.63,8.82,9.02,9.02,9.22,9.22,8.82,8.63,8.82,8.82,9.02,9.02,9.22,8.63,8.63,8.63,8.63,8.82,9.02,9.02,9.02,9.02,8.82,9.02,9.02,9.02,8.82,8.82,8.82,9.22,9.41,9.41,9.41,9.61,9.61,9.8,9.8,9.8,10,10,10,9.8,9.8,9.8,9.61,9.61,9.61,9.61,9.61,9.61,9.61,9.61,9.61,9.8,10,10,10,10,10,10,10,10,10,9.8,9.8,9.8,9.8,9.61,9.61,9.61,9.8,9.8,9.61,9.61,9.61,9.61
26,"Massachusetts","State","MA",14,4.51,4.51,4.51,4.71,4.9,4.51,4.31,4.71,5.29,5.29,5.29,4.71,4.12,3.92,3.92,3.73,3.73,3.53,3.53,3.53,3.92,4.12,4.12,4.51,5.29,5.88,5.1,5.49,5.88,6.08,6.08,6.27,6.08,5.88,5.69,5.69,5.69,6.08,6.08,6.27,6.08,6.27,6.27,6.08,5.88,5.49,5.49,5.49,5.69,5.69,5.69,5.69,5.69,5.29,5.49,5.69,5.88,6.27,6.27,5.88,5.88,5.49,5.1,5.49,5.29,5.29,5.1,5.29,5.49,5.49,5.49,5.69,6.67,6.47,6.27,6.27,5.69,5.88,5.88,5.69,5.29,5.1,5.1,5.1,4.9,5.1,4.9,5.1,5.1,5.49,5.69,4.71,4.9,4.9,4.9,4.71,4.71,4.9,4.9,4.9,5.29,4.9
22,"Indiana","State","IN",15,2.75,2.55,2.35,2.35,2.55,1.96,2.16,1.76,1.18,0.98,1.18,1.76,1.76,1.76,1.96,2.75,2.94,2.75,2.35,2.35,1.76,1.76,1.76,1.76,1.76,1.96,1.96,1.96,1.96,2.75,3.33,3.33,3.33,3.14,3.14,3.14,3.33,3.14,2.94,2.94,3.14,3.33,3.53,3.73,3.73,3.73,3.92,3.92,3.92,3.73,3.92,3.73,3.53,3.53,3.33,3.33,3.73,3.73,3.73,3.53,3.33,3.53,3.73,3.73,3.73,3.53,3.73,4.31,4.9,5.1,5.29,5.29,5.29,5.49,5.69,5.49,5.88,6.27,6.08,5.88,5.69,5.88,6.08,6.27,6.27,6.27,6.27,6.47,6.67,7.06,7.25,7.25,6.86,7.06,7.06,7.25,7.65,7.84,8.04,8.24,8.24,8.24
8,"Arizona","State","AZ",16,7.45,7.65,7.84,7.65,7.84,8.43,9.02,9.41,9.61,9.8,9.8,9.8,10,10,10,10,10,10,10,10,10,10,10,9.8,9.8,9.8,9.41,9.41,9.22,9.22,9.02,9.02,9.22,8.82,8.63,8.63,8.24,7.65,7.65,7.65,7.65,7.25,6.67,6.47,6.08,6.08,5.69,5.88,6.08,6.27,6.47,7.06,7.06,7.25,7.06,7.06,7.45,7.84,8.04,8.24,7.84,7.84,7.65,7.84,7.65,7.45,7.45,7.25,7.25,7.25,7.25,7.25,7.25,7.25,7.65,7.25,7.25,7.25,7.06,7.06,7.25,7.06,7.06,7.65,7.65,7.45,7.25,7.25,7.65,7.84,7.84,7.84,8.04,8.04,8.04,8.04,8.04,8.24,8.43,8.43,8.43,8.43
53,"Tennessee","State","TN",17,6.27,5.88,5.1,3.73,3.92,3.92,4.9,5.1,4.31,4.31,4.31,4.12,4.31,4.31,4.71,4.51,4.71,4.71,4.9,4.71,4.51,4.71,4.71,4.71,4.51,4.31,4.31,4.9,5.1,4.9,4.9,4.9,4.9,4.71,4.71,4.51,4.71,4.71,4.9,5.1,5.29,5.29,5.29,5.29,5.29,5.29,5.1,4.9,4.9,4.9,5.29,5.49,5.49,5.49,5.1,4.51,4.31,5.29,5.69,6.08,6.47,6.67,6.67,5.88,5.69,5.69,6.47,6.67,7.06,7.45,7.45,7.45,7.45,7.45,7.45,7.45,7.45,7.45,7.45,7.45,7.45,7.45,7.25,7.06,7.25,7.65,7.65,7.45,7.25,7.45,7.45,7.45,7.45,6.86,6.67,6.47,6.47,6.27,6.47,7.25,7.84,7.65
32,"Missouri","State","MO",18,3.53,3.53,3.53,3.53,3.73,3.73,3.92,4.51,4.9,5.1,5.69,5.29,5.1,4.71,5.29,4.9,4.9,5.29,5.29,5.1,4.71,4.9,5.1,5.29,5.88,6.27,6.27,6.47,6.67,6.67,6.67,6.67,6.47,6.08,6.08,6.27,6.27,6.27,5.88,5.88,5.69,5.49,5.49,5.49,5.69,5.88,6.08,6.08,5.88,5.88,5.88,6.27,6.27,6.08,6.27,6.27,6.47,6.86,7.06,7.06,7.06,7.25,7.45,7.45,7.25,7.06,7.06,7.06,7.65,7.65,7.65,7.65,7.65,8.04,8.04,7.84,8.04,8.04,8.04,7.84,8.04,7.84,8.04,8.04,8.04,8.04,8.24,8.24,8.04,8.04,8.04,8.24,8.24,8.24,8.24,8.24,8.24,8.43,8.63,8.63,8.82,9.02
27,"Maryland","State","MD",19,1.37,2.35,2.55,2.55,2.75,2.16,1.76,0.98,0.59,0.59,0.59,0.78,0.98,0.98,1.18,1.37,1.37,1.57,1.18,1.96,2.35,2.16,1.57,1.57,1.37,1.18,1.18,1.18,1.37,1.37,1.57,2.55,2.75,2.75,2.55,2.75,2.94,3.53,3.73,3.33,2.55,2.16,1.76,1.57,1.76,1.57,1.57,1.18,0.98,0.98,0.98,0.98,0.98,0.98,0.98,0.98,0.98,0.98,0.98,0.98,0.98,0.98,0.98,0.98,0.98,0.98,0.98,0.98,0.98,0.98,0.98,0.98,1.18,1.18,1.18,1.18,1.18,1.37,1.37,1.37,1.18,1.18,1.18,1.18,1.18,1.37,1.76,1.76,1.76,1.57,1.76,1.57,1.37,1.18,0.98,1.18,1.18,1.57,1.76,1.96,1.96,1.76
60,"Wisconsin","State","WI",20,1.57,1.76,1.76,1.96,2.35,2.75,2.94,3.33,3.14,3.14,3.14,3.14,3.33,3.14,3.14,2.55,2.35,1.96,1.57,1.37,1.37,1.37,1.37,1.37,1.57,1.57,1.76,1.76,1.76,1.76,1.37,1.57,1.96,2.55,2.75,2.35,2.35,2.35,2.55,2.35,2.94,2.94,3.14,3.14,3.14,2.75,3.14,2.55,2.75,2.55,2.35,2.55,2.55,2.94,2.94,2.94,3.14,3.14,3.14,2.94,2.75,2.75,2.94,2.94,3.53,4.12,3.92,3.73,4.12,4.31,4.31,4.71,4.71,4.71,4.71,4.71,4.51,4.51,4.51,4.51,4.51,4.71,4.9,4.9,4.71,4.9,5.1,5.29,5.29,4.9,5.29,6.08,6.08,6.27,6.47,6.67,6.86,6.86,7.25,7.45,6.86,6.86
31,"Minnesota","State","MN",21,0.78,0.59,0.59,0.59,0.59,0.59,1.18,1.37,1.37,1.57,1.57,1.96,2.35,2.94,2.94,3.33,3.14,3.14,2.94,2.75,2.94,3.14,3.33,3.33,3.73,3.73,4.12,3.92,3.92,4.31,4.12,4.71,4.71,5.1,5.1,5.1,5.1,4.9,4.71,5.29,5.49,5.69,5.69,5.69,5.49,5.69,5.88,6.27,6.27,6.08,6.27,6.08,5.88,5.88,5.88,5.88,6.08,6.08,6.08,6.27,6.08,6.08,6.86,6.86,6.47,6.47,6.67,6.27,6.27,6.08,6.47,5.88,5.88,5.69,6.08,5.88,5.49,5.1,4.9,5.29,5.49,5.69,5.69,5.88,6.08,5.88,5.88,5.88,5.49,5.29,4.9,5.69,5.69,5.88,5.88,6.08,6.27,6.47,6.67,7.06,7.06,7.45
10,"Colorado","State","CO",22,5.29,6.08,6.47,6.47,6.47,6.47,6.67,6.67,7.06,7.06,7.25,7.45,7.84,8.04,8.24,8.43,8.63,8.43,8.63,8.82,9.02,9.22,9.02,9.41,9.41,9.41,9.61,9.61,9.61,9.61,9.41,9.41,9.41,9.41,9.41,9.41,9.41,9.41,9.61,9.61,9.61,9.61,9.61,9.8,9.8,9.8,10,10,10,10,10,10,10,10,10,10,10,10,10,10,10,10,10,10,9.8,9.8,9.8,10,10,10,10,10,9.8,9.8,9.8,9.8,9.8,9.8,9.8,9.61,9.61,9.61,9.61,9.61,9.8,9.8,9.8,9.8,9.61,9.61,9.61,9.61,9.61,9.8,9.8,9.8,9.61,9.41,9.41,9.41,9.41,9.22
4,"Alabama","State","AL",23,6.86,5.49,3.33,2.94,1.96,2.55,3.33,3.73,4.12,3.73,2.75,2.75,2.75,3.33,4.31,5.69,6.27,6.08,4.71,3.73,3.33,3.53,3.73,3.73,3.33,3.53,3.14,3.14,3.14,2.55,2.55,1.37,1.37,1.18,1.57,1.96,2.16,2.16,1.96,2.16,1.76,1.57,0.98,0.98,0.98,1.37,1.76,1.96,2.35,2.75,2.94,2.94,3.14,2.75,2.75,2.75,2.55,2.16,1.96,1.76,1.76,1.76,1.96,1.96,2.16,2.35,2.16,2.35,2.35,2.55,2.55,2.55,2.35,2.35,2.35,2.16,2.16,2.16,2.35,2.35,2.35,2.35,2.35,2.35,2.75,2.75,2.75,2.75,2.75,2.94,3.14,3.14,3.33,3.33,3.33,3.53,4.12,4.12,4.31,4.51,4.51,5.29
51,"South Carolina","State","SC",24,1.18,1.37,1.37,1.18,1.37,1.18,1.96,2.16,2.35,1.76,1.76,1.57,1.57,2.16,2.16,2.16,2.16,2.35,2.16,1.76,1.57,1.57,1.96,2.16,2.16,2.16,2.16,2.16,2.16,2.16,1.76,2.16,2.35,2.16,1.76,1.76,1.76,1.96,1.76,1.76,2.16,2.35,2.75,2.75,2.75,2.55,2.94,2.94,3.14,3.14,3.14,3.33,3.33,3.33,3.14,3.14,3.33,3.33,3.33,3.33,2.94,2.94,2.55,2.55,2.55,2.94,2.94,3.14,3.53,3.33,2.94,2.94,3.14,3.14,3.53,3.92,3.92,3.73,3.73,3.53,3.33,3.53,3.73,3.92,3.92,3.92,3.92,3.53,3.53,3.33,3.33,3.33,3.53,3.53,3.53,3.33,3.33,3.53,3.73,4.31,4.31,4.51
25,"Louisiana","State","LA",25,9.41,8.82,8.43,7.84,8.04,8.04,7.25,6.86,6.47,6.67,6.67,6.67,7.06,7.84,7.84,8.24,7.65,7.65,7.25,7.06,7.06,6.67,6.27,5.69,4.31,4.12,3.53,3.53,3.33,3.73,3.73,3.53,3.14,3.33,3.92,4.71,5.29,5.49,5.49,4.9,4.9,4.9,4.9,5.1,4.9,4.9,4.9,5.29,5.1,5.1,4.9,5.1,5.1,5.1,5.29,5.29,4.12,3.92,4.51,5.29,5.49,5.88,5.49,5.1,4.9,4.71,4.71,4.9,4.71,4.71,4.71,4.12,3.73,4.12,4.12,4.12,4.12,4.31,4.31,4.12,3.92,3.33,3.33,2.94,2.35,2.16,2.16,1.96,1.96,1.76,1.57,1.96,1.96,1.96,1.96,1.76,1.76,1.76,1.96,1.18,1.18,1.18
24,"Kentucky","State","KY",26,5.88,6.27,6.67,6.67,7.25,7.84,8.24,8.24,7.84,7.65,7.45,7.25,6.47,6.27,5.88,5.88,5.69,4.9,4.31,4.51,4.31,4.51,4.51,4.9,5.49,6.08,5.69,5.69,5.49,5.49,4.71,4.12,3.53,3.73,3.53,3.73,3.73,3.92,3.92,4.12,4.12,3.92,3.92,3.92,3.92,3.92,4.12,4.12,4.12,4.71,4.31,3.92,3.92,3.92,3.92,3.92,4.9,5.1,4.9,4.9,4.71,4.71,4.51,4.31,4.51,4.9,5.29,5.69,5.88,5.88,6.08,6.47,6.08,5.88,5.88,6.08,6.27,6.47,6.47,6.47,6.47,6.47,6.27,6.47,6.47,6.47,6.47,6.08,6.08,6.27,6.86,6.67,6.27,6.08,6.08,5.88,5.88,6.08,5.88,5.88,6.27,6.27
46,"Oregon","State","OR",27,4.12,4.12,3.92,4.31,4.12,4.12,4.71,5.49,5.88,5.69,6.08,6.27,6.27,6.47,7.06,7.45,8.43,8.24,8.24,7.84,7.45,7.65,7.65,7.65,7.65,7.45,7.45,7.25,7.45,7.45,8.24,8.24,8.24,8.24,8.04,8.24,8.43,8.43,8.24,8.24,8.04,8.04,8.43,8.43,8.43,8.43,8.43,8.04,8.04,7.84,7.84,8.04,8.43,8.43,8.43,8.43,8.63,8.82,8.82,8.82,8.82,9.02,9.02,9.02,9.02,9.02,8.82,9.02,9.02,9.02,8.63,8.63,8.43,8.24,8.24,8.04,7.84,7.65,7.84,8.24,8.43,8.43,8.43,8.24,8.24,8.43,8.43,8.43,8.43,8.24,8.24,8.04,7.84,7.84,7.84,7.84,7.84,7.25,7.06,6.08,6.08,5.88
45,"Oklahoma","State","OK",28,7.84,7.84,8.04,7.45,7.45,7.06,6.27,5.69,4.71,4.9,5.1,5.69,5.29,5.1,4.9,5.1,5.29,5.69,5.49,5.69,5.88,5.88,5.49,5.1,4.71,5.1,5.49,5.88,5.69,5.69,5.49,5.69,5.49,5.69,5.88,5.88,5.88,5.69,5.69,5.69,5.88,6.08,6.08,6.27,6.47,6.47,6.47,6.47,6.47,6.86,6.86,6.47,6.47,6.27,6.08,6.08,5.69,5.88,5.88,5.69,5.69,5.69,5.29,4.9,4.71,4.51,4.51,4.71,4.31,4.51,4.51,4.51,3.92,3.73,3.33,3.33,3.53,3.53,3.33,2.94,2.94,2.75,2.75,2.75,2.94,2.94,2.94,2.94,2.55,2.55,2.35,2.55,2.75,2.75,2.75,2.94,2.94,2.94,2.75,2.94,3.14,3.14
11,"Connecticut","State","CT",29,2.35,2.94,3.14,3.33,3.33,3.33,3.14,2.75,2.75,2.75,2.35,1.37,1.18,0.78,0.78,0.78,0.98,0.98,0.59,0.59,0.59,0.59,0.59,0.78,0.78,0.78,0.59,0.59,0.59,0.78,0.78,0.78,0.78,0.78,0.78,0.78,0.78,0.78,0.78,0.59,0.78,0.78,0.78,0.78,0.78,0.78,0.78,0.78,0.78,0.78,0.78,0.78,0.78,0.78,0.78,0.78,0.78,0.78,0.78,0.78,0.78,0.78,0.78,0.78,0.78,0.78,0.78,0.78,0.78,0.78,0.78,0.78,0.78,0.78,0.78,0.78,0.98,0.98,0.98,0.78,0.59,0.78,0.78,0.78,0.78,0.78,0.98,0.98,0.78,0.78,0.98,0.98,0.98,0.59,0.59,0.59,0.59,0.78,0.78,0.78,0.78,0.78
19,"Iowa","State","IA",30,6.47,7.06,7.06,6.86,6.67,6.08,5.29,4.12,3.92,4.12,3.92,3.73,3.73,3.73,3.73,3.92,4.12,3.92,4.12,3.92,3.73,3.73,3.53,3.53,3.53,3.33,2.55,2.55,2.35,3.14,3.53,3.92,4.51,4.9,5.29,5.29,4.9,4.51,4.31,4.51,4.71,4.12,4.31,4.9,5.1,5.1,5.29,5.1,5.29,5.29,5.49,5.29,5.29,5.69,5.69,5.49,5.29,4.51,4.31,4.51,4.9,4.9,4.9,5.29,5.49,5.49,5.49,5.88,6.08,6.27,6.27,6.27,5.49,5.29,5.29,5.69,6.08,5.69,5.1,4.9,5.1,5.29,5.29,5.49,5.29,4.51,4.31,4.12,4.12,4.31,4.31,4.31,4.51,4.51,4.31,4.31,4.51,4.51,4.71,4.71,4.71,4.31
34,"Mississippi","State","MS",31,3.73,3.73,4.12,4.9,3.53,2.94,0.98,1.18,1.96,2.94,2.94,2.94,3.14,2.35,2.35,2.94,3.53,4.31,6.08,5.49,4.12,3.33,2.94,2.55,2.35,2.55,2.94,2.75,2.75,1.96,2.16,1.76,1.76,1.76,1.96,1.57,1.37,0.98,0.98,0.98,1.18,1.37,1.57,2.16,2.94,3.33,3.33,3.53,3.73,3.92,3.73,4.31,4.12,4.31,4.12,3.73,2.94,2.94,2.94,3.14,3.92,4.31,4.31,4.51,4.12,2.75,2.75,2.75,2.75,2.75,2.75,3.33,3.53,3.53,3.14,2.94,3.14,2.94,2.94,3.14,3.53,3.92,3.92,3.73,3.73,3.73,3.73,3.92,3.92,3.73,3.73,3.73,3.73,3.92,4.51,4.51,4.31,4.31,3.92,4.12,3.92,5.1
6,"Arkansas","State","AR",32,7.06,5.69,4.71,4.51,5.29,6.86,7.45,7.65,6.86,5.88,4.71,4.9,4.71,4.9,5.49,5.29,5.49,5.49,5.1,4.9,5.1,5.49,5.69,5.88,5.69,5.69,5.29,4.71,4.31,3.53,3.14,3.14,3.73,3.92,3.73,3.53,3.53,3.33,3.33,2.75,2.35,2.75,2.55,2.35,2.55,3.14,2.75,2.75,2.94,2.94,3.33,3.14,2.94,2.55,2.16,2.16,2.35,2.35,2.55,2.75,3.14,3.33,3.33,3.14,2.94,3.92,4.12,3.33,3.14,2.94,3.33,3.53,3.33,3.33,3.73,3.73,3.73,3.92,3.92,3.92,4.12,4.12,4.12,4.12,4.12,4.12,4.12,4.31,4.31,4.12,3.92,3.92,4.12,4.12,3.92,3.92,3.73,3.73,3.53,3.73,4.12,4.71
23,"Kansas","State","KS",33,7.65,6.86,6.27,5.88,5.69,5.29,5.49,5.29,4.51,4.71,4.9,5.1,5.49,5.69,5.69,5.49,5.1,4.51,4.51,5.29,5.69,5.29,4.9,4.31,4.9,5.49,6.08,6.27,6.27,6.47,6.27,5.88,6.27,6.27,6.47,6.47,6.47,6.47,6.47,6.47,6.67,6.47,6.47,6.86,7.06,7.25,7.45,7.45,7.45,7.06,7.06,6.86,6.67,7.06,7.45,7.65,7.84,7.65,7.84,7.65,8.04,8.04,8.04,8.24,8.24,7.65,7.84,7.84,7.84,7.84,7.84,8.04,8.24,8.43,8.43,8.43,8.43,8.63,8.43,8.43,8.24,8.24,8.24,8.43,8.43,8.24,8.04,8.04,8.24,8.43,8.63,8.63,8.63,8.63,8.63,8.43,8.82,9.02,9.02,9.02,9.02,8.63
55,"Utah","State","UT",34,9.22,9.41,9.41,9.22,8.82,8.82,8.04,8.04,8.24,8.04,8.04,8.04,8.43,9.22,9.61,9.8,9.8,9.41,9.61,9.61,9.41,9.41,9.61,9.22,9.02,8.63,8.24,8.43,8.63,8.82,8.82,8.82,9.02,9.22,9.02,9.02,9.22,9.22,8.82,8.43,7.84,7.45,7.25,7.65,7.84,7.65,7.65,7.84,7.84,8.04,8.04,7.84,8.24,8.24,8.63,8.82,8.82,9.02,9.02,9.22,9.22,9.41,9.41,9.41,9.61,9.61,9.61,9.61,9.61,9.61,9.8,9.8,10,10,10,10,10,10,10,10,9.8,9.8,9.8,9.8,9.61,9.61,9.61,9.61,9.8,10,10,10,10,10,10,10,10,10,10,10,10,10
42,"Nevada","State","NV",35,9.8,9.8,9.8,9.8,9.41,9.02,8.82,9.02,9.02,8.63,8.43,8.82,8.63,8.63,9.02,9.02,9.61,9.61,9.41,9.22,9.22,8.82,8.82,8.82,9.22,9.22,9.22,9.22,9.41,9.41,9.61,9.61,9.61,9.61,9.61,9.61,9.61,9.61,9.41,9.41,9.22,9.02,9.02,9.02,9.22,9.22,9.22,9.22,8.63,8.63,8.63,8.63,8.63,8.63,8.24,8.24,8.43,8.63,8.63,8.63,8.63,8.63,8.24,8.04,8.04,7.84,7.65,8.04,8.04,8.04,8.04,7.84,7.84,7.84,7.84,8.24,8.24,8.43,8.63,8.82,9.02,9.22,9.22,9.22,9.22,9.22,9.41,9.41,9.41,9.41,9.41,9.41,9.41,9.22,9.02,8.82,8.43,8.04,7.84,6.86,5.1,3.33
41,"New Mexico","State","NM",36,5.1,5.1,5.69,5.69,5.49,5.49,3.73,3.14,2.16,2.35,3.33,3.92,3.92,4.12,4.12,4.12,3.92,3.73,3.92,4.12,4.9,5.69,6.47,6.27,6.08,4.51,4.51,4.31,5.29,5.29,5.88,5.49,5.29,4.51,4.31,4.12,3.92,3.73,2.75,1.96,1.57,1.76,2.16,2.55,1.96,1.76,1.37,1.37,1.57,1.96,1.96,2.35,1.96,2.16,2.35,2.55,2.75,2.75,2.75,2.55,2.55,2.55,2.75,2.75,2.75,3.33,3.33,2.94,3.33,3.53,3.92,3.73,4.12,3.92,3.92,3.53,3.33,3.14,3.14,3.73,3.73,3.73,3.53,3.53,3.53,3.53,3.53,3.73,3.73,3.92,4.12,4.12,3.92,3.73,3.73,3.73,3.92,3.92,4.12,3.92,3.73,3.92
61,"West Virginia","State","WV",37,4.71,3.92,3.73,3.92,4.31,5.1,5.88,6.47,6.27,6.08,5.49,5.49,6.08,6.86,6.47,6.27,6.67,7.06,7.06,6.08,5.29,5.1,5.29,5.49,5.1,4.71,4.9,5.29,4.51,3.33,2.75,2.75,2.94,2.94,2.94,2.94,1.96,1.76,1.57,1.57,1.96,2.55,2.35,1.76,1.57,2.16,2.55,3.14,2.55,2.35,2.75,2.75,2.75,1.96,1.96,2.35,2.16,1.96,1.76,1.96,1.96,1.96,1.76,1.57,1.18,1.37,1.76,1.96,1.76,1.18,1.18,1.18,0.98,0.98,0.98,0.98,0.78,0.78,0.78,0.98,0.98,0.98,0.98,0.98,0.98,1.18,1.57,1.37,1.37,1.37,1.37,1.37,1.18,0.98,1.18,1.37,1.37,1.18,1.18,1.76,1.57,1.96
38,"Nebraska","State","NE",38,3.92,4.31,5.88,6.08,5.88,4.71,4.12,4.31,5.69,6.27,6.27,6.08,5.88,5.29,4.51,4.31,4.31,5.1,5.88,6.27,5.49,4.31,4.31,4.12,4.12,4.9,5.88,6.08,6.08,5.88,5.29,5.29,5.88,6.67,6.67,6.67,6.67,6.67,6.67,6.67,6.86,7.06,7.65,7.84,7.25,7.06,7.25,7.65,7.65,7.65,7.65,7.65,7.84,7.84,7.84,7.84,8.04,8.24,8.43,8.43,8.24,8.24,8.43,8.43,8.43,8.43,8.04,8.24,8.24,8.24,8.24,8.43,8.63,8.63,8.63,8.63,9.02,9.02,8.82,8.63,8.63,8.63,8.63,8.63,8.63,8.63,8.63,8.63,8.82,8.82,8.82,8.82,8.82,8.82,8.82,9.02,9.22,9.22,9.22,8.82,8.63,8.82
20,"Idaho","State","ID",39,4.9,7.25,8.63,8.82,9.61,9.41,9.61,9.22,8.82,8.82,9.22,9.41,9.61,9.61,9.22,9.22,9.22,9.8,9.8,9.8,9.61,9.61,9.22,9.02,8.82,8.04,8.04,7.84,7.84,7.06,7.06,6.86,7.45,7.84,7.84,7.65,7.45,7.25,7.25,6.86,6.27,5.88,5.88,5.88,7.65,7.45,7.06,6.86,7.06,7.25,7.45,7.45,7.45,7.45,7.25,7.25,7.25,7.45,7.25,7.45,7.65,7.65,7.84,7.65,7.84,8.24,8.43,8.43,8.43,8.82,9.02,8.82,8.82,8.82,8.82,8.82,8.82,8.82,9.02,9.02,8.82,8.82,8.82,9.02,9.02,9.02,9.02,9.02,9.02,9.02,9.22,9.22,9.22,9.41,9.41,9.41,9.41,9.61,9.8,9.8,9.8,9.8
18,"Hawaii","State","HI",40,10,10,10,10,9.8,9.8,9.8,9.8,9.41,9.41,9.02,9.22,9.22,8.82,8.04,7.84,8.04,8.63,9.02,9.02,8.63,8.24,8.63,8.24,8.24,8.43,8.43,8.24,8.04,8.43,8.43,8.43,8.63,9.02,9.22,9.22,8.82,8.63,8.63,9.22,9.41,9.22,8.82,8.63,8.24,8.04,8.24,8.24,8.43,8.24,8.24,8.43,8.04,8.04,8.04,8.04,8.24,8.43,8.24,7.84,7.45,7.06,7.06,7.06,6.86,6.67,6.86,6.86,6.86,6.86,7.06,6.86,7.06,7.06,7.25,7.65,7.65,7.84,7.65,7.25,7.06,6.86,6.86,6.08,5.69,5.49,5.69,5.69,5.88,5.69,5.1,4.51,4.31,4.31,4.12,4.12,3.53,3.33,3.33,3.53,3.53,3.53
28,"Maine","State","ME",41,3.33,3.33,2.94,3.14,3.14,3.53,3.53,3.53,3.73,3.92,3.73,3.53,3.53,3.53,3.53,3.53,3.33,3.33,3.14,2.94,2.75,2.75,2.55,2.75,2.94,2.75,2.75,2.94,2.94,2.35,2.35,1.96,1.57,1.57,1.18,1.18,1.18,1.37,1.18,1.18,0.98,0.98,1.37,1.37,1.37,0.98,0.98,0.98,1.37,1.37,1.37,1.37,1.37,1.37,1.57,1.37,1.18,1.18,1.18,1.18,1.18,1.18,1.18,1.18,1.57,1.76,1.57,1.57,1.37,1.76,1.96,2.16,2.16,2.16,2.16,2.35,2.35,2.75,2.75,2.75,2.75,2.94,3.14,3.14,3.14,3.14,3.14,3.14,3.14,3.14,2.94,2.94,2.94,3.14,3.14,3.14,3.14,3.14,3.14,3.33,3.33,3.73
39,"New Hampshire","State","NH",42,6.67,7.45,7.45,7.06,7.06,6.67,6.08,3.92,3.53,3.33,3.53,3.33,2.55,1.96,1.76,1.96,1.96,1.76,1.37,2.16,2.16,2.35,2.16,1.96,1.96,1.76,1.57,1.57,1.57,1.57,1.96,2.35,2.16,1.96,2.35,2.55,2.75,2.94,3.14,3.73,3.53,3.53,3.33,3.53,3.53,3.53,3.53,3.33,3.33,3.33,2.55,2.16,2.35,3.14,3.73,4.31,4.51,4.31,4.12,4.12,3.53,3.14,3.14,3.33,3.14,2.55,2.55,2.55,2.94,3.14,3.73,3.92,4.31,4.31,4.51,4.51,4.31,4.12,4.12,4.31,4.31,4.31,4.31,4.71,5.49,5.69,5.49,5.49,5.69,5.88,5.88,4.9,4.71,4.71,4.71,4.9,5.1,5.1,6.27,6.67,7.25,7.84
50,"Rhode Island","State","RI",43,0.98,1.18,0.98,0.98,0.78,0.98,0.78,0.78,0.78,0.78,0.78,0.98,0.78,0.59,0.98,1.18,1.18,1.37,0.98,0.78,0.78,0.98,0.98,0.98,0.98,0.98,0.98,0.78,0.98,0.98,0.98,0.98,0.98,1.37,1.37,1.37,1.57,1.57,2.16,3.14,2.75,1.96,1.96,1.96,2.16,1.96,1.96,1.76,1.76,1.57,1.57,1.76,1.76,1.76,1.18,1.76,1.96,2.55,2.35,2.35,2.16,2.16,2.16,2.16,2.35,2.16,2.35,2.16,2.16,2.16,2.35,2.35,2.55,2.55,2.55,2.55,2.75,3.33,3.53,3.33,3.14,3.14,2.94,3.33,3.33,3.33,3.33,3.33,3.33,3.53,3.53,3.53,3.14,2.94,2.94,2.75,2.55,2.55,2.55,2.55,2.55,2.55
35,"Montana","State","MT",44,6.08,6.47,6.08,5.49,6.08,7.25,7.84,7.25,7.65,8.24,9.41,9.61,9.02,8.43,8.63,8.63,8.24,7.25,7.45,8.24,8.43,8.43,8.04,7.84,7.84,7.84,7.84,8.04,8.43,8.63,8.63,8.63,7.84,7.06,7.25,7.25,7.65,7.84,8.43,9.02,8.82,8.24,7.45,7.06,7.45,7.84,7.84,7.25,6.86,6.47,6.08,5.88,6.08,6.47,6.86,6.86,6.86,6.67,6.86,6.86,6.86,6.86,6.08,6.67,7.45,8.04,8.24,7.45,6.67,6.47,5.69,5.49,5.69,6.86,6.86,7.06,7.06,7.06,6.86,6.67,6.67,6.67,5.88,5.69,5.88,6.08,5.29,4.51,4.51,4.51,4.71,5.49,5.49,5.29,5.1,5.1,4.9,4.71,4.51,3.14,2.94,2.35
13,"Delaware","State","DE",45,1.76,1.57,1.18,1.57,1.18,0.78,0.59,0.59,0.98,1.18,0.98,0.59,0.59,1.18,1.37,1.57,1.76,2.94,3.33,3.14,3.14,2.94,3.14,3.14,2.75,2.94,3.73,4.12,4.71,4.71,4.51,4.31,3.92,3.53,3.33,3.33,3.14,2.55,2.35,2.55,3.73,3.73,3.73,2.94,2.35,2.35,2.16,2.16,2.16,2.16,2.16,1.96,2.16,2.35,2.55,1.96,1.76,1.76,2.16,2.16,2.35,2.35,2.35,2.35,1.37,1.18,1.18,1.37,1.96,1.57,1.57,1.76,1.96,1.76,1.57,1.37,1.37,1.18,1.18,1.18,1.37,1.37,1.37,1.37,1.37,1.76,1.37,1.57,1.57,2.16,2.16,2.75,2.16,2.16,2.16,2.16,2.16,2.16,2.16,2.35,2.35,2.75
52,"South Dakota","State","SD",46,0.59,0.78,5.49,9.61,10,10,10,10,9.8,9.61,9.61,8.24,7.45,5.88,3.33,0.98,0.78,0.78,2.75,4.31,6.08,6.27,6.67,6.67,7.25,7.65,7.65,7.45,7.06,6.86,7.25,7.25,7.25,7.65,7.65,8.04,8.04,8.24,7.84,7.84,8.24,8.43,8.24,8.24,8.63,8.82,8.82,8.63,8.24,8.43,8.43,8.24,7.65,6.67,6.67,6.67,7.06,7.25,7.65,8.04,8.43,8.43,8.63,8.63,8.82,8.82,9.02,8.82,8.63,8.43,8.43,8.24,8.04,7.65,7.06,6.86,6.86,6.86,7.25,7.65,7.65,7.65,7.45,7.45,7.45,7.25,7.45,7.65,7.45,7.25,6.67,7.06,7.25,7.45,7.45,7.06,6.67,6.67,6.08,5.69,5.88,6.08
3,"Alaska","State","AK",47,8.04,8.43,8.24,8.04,6.86,5.69,5.1,6.08,6.67,7.45,7.65,7.84,8.24,8.24,8.43,8.04,7.45,6.67,5.69,5.88,6.67,7.45,7.25,7.25,6.86,6.67,6.47,5.1,4.12,4.51,5.69,6.47,6.67,6.47,6.27,6.08,6.08,5.88,6.27,6.08,6.47,6.67,7.06,7.45,6.86,6.67,6.67,6.67,6.67,6.67,6.67,6.67,7.25,7.65,7.65,7.45,6.27,5.69,5.29,5.1,5.1,5.29,5.88,6.47,7.06,7.25,6.08,4.51,2.55,2.35,2.16,1.37,1.37,1.37,1.37,1.57,1.57,1.57,1.57,1.57,1.57,2.16,2.16,1.76,1.76,1.57,1.18,1.18,0.98,0.98,1.18,1.18,1.57,1.37,1.57,1.57,1.57,1.37,1.37,0.98,0.98,0.98
37,"North Dakota","State","ND",48,8.63,8.04,7.25,8.43,9.02,9.61,9.22,8.82,8.63,9.02,8.82,8.63,8.04,7.65,7.65,7.06,6.08,5.88,6.86,8.04,8.24,8.63,8.43,8.04,8.04,8.24,8.82,8.63,8.24,8.24,7.65,8.04,8.43,8.43,8.24,7.84,7.84,8.04,8.04,8.04,8.43,8.82,9.22,9.22,8.82,8.24,8.04,8.43,9.22,9.22,9.22,9.22,9.22,9.22,9.02,8.63,7.65,7.06,6.47,6.47,6.27,6.27,6.27,6.08,5.88,6.27,5.69,5.49,4.51,3.92,3.14,2.75,2.75,2.94,2.94,3.14,2.94,2.35,1.76,1.76,1.96,1.96,1.57,1.57,1.57,0.98,0.78,0.59,0.59,0.59,0.59,0.59,0.78,1.57,1.37,0.98,0.78,0.59,0.59,0.59,0.59,0.39
58,"Vermont","State","VT",49,2.55,0.98,0.78,0.78,0.98,2.35,1.37,1.96,1.76,2.55,1.96,2.16,2.94,1.37,0.59,0.59,0.59,0.59,1.76,1.18,0.98,0.78,0.78,0.59,0.59,0.59,0.78,0.98,0.78,0.59,0.59,0.39,0.39,0.39,0.39,0.39,0.39,0.59,0.59,0.78,0.59,0.59,0.59,0.59,0.59,0.59,0.59,0.59,0.59,0.59,0.59,0.59,0.59,0.59,0.39,0.39,0.39,0.59,0.59,0.59,0.59,0.59,0.59,0.59,0.39,0.39,0.39,0.39,0.39,0.39,0.39,0.39,0.59,0.59,0.59,0.59,0.59,0.59,0.59,0.59,0.78,0.59,0.59,0.59,0.59,0.59,0.59,0.78,1.18,1.18,0.78,0.78,0.59,0.78,0.78,0.78,0.98,0.98,0.98,1.57,1.76,2.16
12,"District of Columbia","State","DC",50,9.02,9.22,9.22,9.02,8.63,8.63,8.43,8.43,8.43,8.43,8.24,8.43,8.82,9.02,8.82,8.82,8.82,9.02,8.82,8.63,8.82,9.02,9.41,9.61,9.61,9.61,9.8,9.8,9.8,9.8,9.8,9.8,9.8,9.8,9.8,9.8,9.8,9.8,9.8,10,10,10,10,10,10,10,9.8,9.8,9.8,9.8,9.8,9.8,9.8,9.8,9.8,9.8,9.8,9.8,9.8,9.8,9.8,9.61,9.61,9.61,9.41,9.41,9.41,9.41,9.41,9.41,9.41,9.41,9.41,9.41,9.41,9.41,9.41,9.41,9.41,9.22,9.22,9.02,9.02,8.82,8.82,8.82,8.82,8.82,8.63,8.63,8.43,8.43,8.43,8.43,8.43,8.63,8.63,8.63,8.82,9.22,9.22,9.41
62,"Wyoming","State","WY",51,8.43,9.02,9.02,8.24,8.43,8.24,8.63,8.63,10,10,10,10,9.8,9.8,9.8,9.61,9.02,8.82,8.43,8.43,8.04,7.84,7.84,8.63,8.43,9.02,9.02,9.02,8.82,8.04,6.86,7.06,6.86,6.86,6.86,6.86,6.86,6.86,6.86,7.06,7.25,7.84,8.04,8.04,8.04,8.63,8.63,8.82,9.02,8.82,8.82,8.82,9.02,9.61,9.61,9.61,9.02,8.04,7.45,7.25,7.25,7.45,7.25,7.25,6.67,6.86,7.25,7.65,7.45,7.06,6.86,7.06,6.86,6.67,5.49,5.1,5.1,4.9,6.27,6.27,6.27,5.49,5.49,5.29,5.1,5.29,6.08,6.67,6.86,6.47,6.08,5.88,5.88,5.69,5.69,5.69,5.29,5.29,5.1,5.1,4.9,4.12
