"Date","RegionName","State","SizeRank","Zri","MoM","QoQ","YoY","ZriRecordCnt"
2019-04-30,"United States",,0,1477,0.00203527815468114,0.0061307901907357,0.0264072272411397,100222965
2019-04-30,"New York, NY","NY",1,2419,0,0.00124172185430464,0.0163865546218487,5001716
2019-04-30,"Los Angeles-Long Beach-Anaheim, CA","CA",2,2835,-0.000352609308885755,0.00282985496993279,0.0320349472151438,2951304
2019-04-30,"Chicago, IL","IL",3,1696,0.00295683027794205,0.00533491404860699,0.0354090354090354,3131938
2019-04-30,"Dallas-Fort Worth, TX","TX",4,1646,0.00182592818015825,0.00488400488400488,0.031328320802005,1872400
2019-04-30,"Philadelphia, PA","PA",5,1611,0.00186567164179104,0.00561797752808989,0.0280791320995533,2024777
2019-04-30,"Houston, TX","TX",6,1585,0.000631313131313131,0.00253004427577483,0.0225806451612903,1764163
2019-04-30,"Washington, DC","DC",7,2176,0.00138057984353428,0.003690036900369,0.0215962441314554,1886510
2019-04-30,"Miami-Fort Lauderdale, FL","FL",8,1928,0.00260010400416017,0.00942408376963351,0.0332261521972133,2395819
2019-04-30,"Atlanta, GA","GA",9,1452,0.00345542501727712,0.00903405142460042,0.0431034482758621,1841118
2019-04-30,"Boston, MA","MA",10,2401,0.00250521920668058,0.00460251046025105,0.0208333333333333,1484767
2019-04-30,"San Francisco, CA","CA",11,3455,0.00144927536231884,0.00319396051103368,0.0173733804475854,1233564
2019-04-30,"Detroit, MI","MI",12,1228,0.00163132137030995,0.00326797385620915,0.0267558528428094,1658627
2019-04-30,"Riverside, CA","CA",13,1993,0.00251509054325956,0.0106490872210953,0.0550555849655903,1189086
2019-04-30,"Phoenix, AZ","AZ",14,1452,0.004149377593361,0.0125523012552301,0.0668626010286554,1462212
2019-04-30,"Seattle, WA","WA",15,2236,0.00134348410210479,0.00269058295964126,0.0247479376718607,1160162
2019-04-30,"Minneapolis-St Paul, MN","MN",16,1704,0.00235294117647059,0.00590318772136954,0.0428396572827417,1140876
2019-04-30,"San Diego, CA","CA",17,2650,0.0011333585190782,0.00607441154138193,0.042896497441952,822214
2019-04-30,"St. Louis, MO","MO",18,1162,0.00345423143350604,0.00868055555555556,0.0210896309314587,1036657
2019-04-30,"Tampa, FL","FL",19,1446,0.00277392510402219,0.010482180293501,0.0478260869565217,1079976
2019-04-30,"Baltimore, MD","MD",20,1754,0.000570450656018254,0.00228571428571429,0.00978698906160046,980943
2019-04-30,"Denver, CO","CO",21,2114,0.00284629981024668,0.00618752974773917,0.0327308255984367,874441
2019-04-30,"Pittsburgh, PA","PA",22,1105,0.00272232304900181,0.00545950864422202,0.0327102803738318,862142
2019-04-30,"Portland, OR","OR",23,1875,0.00267379679144385,0.00482315112540193,0.0206859009254219,715791
2019-04-30,"Charlotte, NC","NC",24,1346,0.0029806259314456,0.00899550224887556,0.0417956656346749,864389
2019-04-30,"Sacramento, CA","CA",25,1919,0.002088772845953,0.00840777719390436,0.0418023887079262,655943
2019-04-30,"San Antonio, TX","TX",26,1373,0.00365497076023392,0.0103016924208977,0.0276946107784431,647839
2019-04-30,"Orlando, FL","FL",27,1536,0.00326583932070542,0.012524719841793,0.0644490644490645,765245
2019-04-30,"Cincinnati, OH","OH",28,1307,0.00153256704980843,0.00384024577572965,0.0250980392156863,700350
2019-04-30,"Cleveland, OH","OH",29,1168,0.00257510729613734,0.00863557858376511,0.0245614035087719,726232
2019-04-30,"Kansas City, MO","MO",30,1299,0.00308880308880309,0.00541795665634675,0.0252565114443567,691454
2019-04-30,"Las Vegas, NV","NV",31,1402,0.00429799426934097,0.0159420289855072,0.0784615384615385,674387
2019-04-30,"Columbus, OH","OH",32,1366,0.00220102714600147,0.00737463126843658,0.0301659125188537,641399
2019-04-30,"Indianapolis, IN","IN",33,1237,0.00161943319838057,0.00487408610885459,0.0325542570951586,709299
2019-04-30,"San Jose, CA","CA",34,3562,0.00253307064452575,0.00479548660084626,0.0177142857142857,466524
2019-04-30,"Austin, TX","TX",35,1711,0.00410798122065728,0.00765606595995289,0.0202742993440668,536792
2019-04-30,"Virginia Beach, VA","VA",36,1449,0.00138217000691085,0.00346260387811634,0.0305832147937411,561953
2019-04-30,"Nashville, TN","TN",37,1522,0.00263504611330698,0.00661375661375661,0.0221625251846877,633800
2019-04-30,"Providence, RI","RI",38,1695,0,0,0.01985559566787,498745
2019-04-30,"Milwaukee, WI","WI",39,1334,-0.00224382946896036,-0.00596125186289121,0.000750187546886722,408596
2019-04-30,"Jacksonville, FL","FL",40,1400,0.003584229390681,0.00937274693583273,0.0526315789473684,488372
2019-04-30,"Memphis, TN","TN",41,1122,0,0.00268096514745308,0.0293577981651376,445222
2019-04-30,"Oklahoma City, OK","OK",42,1108,0.00544464609800363,0.0100273473108478,0.0155820348304308,472034
2019-04-30,"Louisville-Jefferson County, KY","KY",43,1197,0.000836120401337793,0.00251256281407035,0.0109797297297297,552837
2019-04-30,"Hartford, CT","CT",44,1607,0.00187032418952618,-0.000621890547263682,0.014520202020202,397877
2019-04-30,"Richmond, VA","VA",45,1430,0.00140056022408964,0.00491918482080112,0.0295176385889129,453167
2019-04-30,"New Orleans, LA","LA",46,1417,-0.00211267605633803,0.00283085633404105,0.029796511627907,395739
2019-04-30,"Buffalo, NY","NY",47,1225,0,0.000816993464052288,0.024247491638796,361033
2019-04-30,"Raleigh, NC","NC",48,1466,0.00410958904109589,0.0103376981392143,0.020891364902507,412011
2019-04-30,"Birmingham, AL","AL",49,1109,0.00361990950226244,0.0109389243391067,0.0571973307912297,410394
2019-04-30,"Salt Lake City, UT","UT",50,1619,0.00185643564356436,0.0037197768133912,0.0240354206198608,344134
2019-04-30,"Rochester, NY","NY",51,1414,0.00141643059490085,0.00568990042674253,0.0343818580833943,329050
2019-04-30,"Grand Rapids, MI","MI",52,1370,0.00146198830409357,0.00439882697947214,0.0208643815201192,350652
2019-04-30,"Tucson, AZ","AZ",53,1250,0.00401606425702811,0.0129659643435981,0.0460251046025105,311717
2019-04-30,"Urban Honolulu, HI","HI",54,2405,0.00124895920066611,0.00291909924937448,0.0207979626485569,279827
2019-04-30,"Tulsa, OK","OK",55,1037,0.00193236714975845,0.00679611650485437,0.0432595573440644,341781
2019-04-30,"Fresno, CA","CA",56,1369,0.00440205429200293,0.0118255728011826,0.0277777777777778,224914
2019-04-30,"Worcester, MA","MA",57,1642,0.000609384521633151,0.00674432863274065,0.0307595731324545,287016
2019-04-30,"Stamford, CT","CT",58,2287,0.00483304042179262,0,0.00971302428256071,295449
2019-04-30,"Albuquerque, NM","NM",59,1230,0.00162866449511401,0.0032626427406199,0.0267111853088481,298057
2019-04-30,"Albany, NY","NY",60,1537,0.00130293159609121,-0.00129954515919428,-0.00388852883992223,261747
2019-04-30,"Omaha, NE","NE",61,1332,0.00301204819277108,0.00985595147839272,0.0293663060278207,448448
2019-04-30,"New Haven, CT","CT",62,1637,-0.0012202562538133,-0.00304506699147381,0.0244055068836045,272709
2019-04-30,"Bakersfield, CA","CA",63,1305,0.00384615384615385,0.00694444444444444,0.0332541567695962,214467
2019-04-30,"Knoxville, TN","TN",64,1168,0.00343642611683849,0.00950734658599827,0.0236634531113059,345690
2019-04-30,"Greenville, SC","SC",65,1241,0.000806451612903226,0.00161420500403551,0.0048582995951417,275326
2019-04-30,"Ventura, CA","CA",66,2811,0.00106837606837607,0.00392857142857143,0.0259124087591241,221309
2019-04-30,"Allentown, PA","PA",67,1472,-0.000678886625933469,-0.000678886625933469,0.0222222222222222,277425
2019-04-30,"El Paso, TX","TX",68,1002,0.002,0.00400801603206413,0.0193285859613428,211806
2019-04-30,"Baton Rouge, LA","LA",69,1319,0.00151860288534548,0.00227963525835866,-0.0186011904761905,251338
2019-04-30,"Dayton, OH","OH",70,1011,0.00397219463753724,0.012012012012012,0.0542231491136601,285659
2019-04-30,"McAllen, TX","TX",71,997,-0.00100200400801603,-0.00100200400801603,0.0299586776859504,184255
2019-04-30,"Columbia, SC","SC",72,1152,0.00348432055749129,0.00875656742556918,0.0472727272727273,274523
2019-04-30,"Greensboro, NC","NC",73,1048,-0.00474833808167141,0.00383141762452107,0.106652587117212,263072
2019-04-30,"Akron, OH","OH",74,1120,0.00448430493273543,0.0108303249097473,0.0265811182401467,246322
2019-04-30,"North Port-Sarasota-Bradenton, FL","FL",75,1816,0.00386954118297402,0.0111358574610245,0.00665188470066519,350398
2019-04-30,"Little Rock, AR","AR",76,1024,0.00589390962671906,0.0108588351431392,0.0270812437311936,244958
2019-04-30,"Stockton, CA","CA",77,1719,0.00467562828755114,0.0117716303708064,0.0437158469945355,174613
2019-04-30,"Charleston, SC","SC",78,1650,0.00303951367781155,0.00671140939597316,0.0331872260488416,247181
2019-04-30,"Syracuse, NY","NY",79,1338,-0.00149253731343284,0,0.0436817472698908,198251
2019-04-30,"Colorado Springs, CO","CO",80,1568,0.00448430493273543,0.0116129032258065,0.0309007232084155,223584
2019-04-30,"Winston-Salem, NC","NC",81,1118,0.000895255147717099,0.00811541929666366,0.0791505791505791,242712
2019-04-30,"Wichita, KS","KS",82,968,0.004149377593361,0.0072840790842872,0.0308839190628328,215209
2019-04-30,"Springfield, MA","MA",83,1629,-0.00244947948560931,0.0018450184501845,0.0369191597708466,181740
2019-04-30,"Fort Myers, FL","FL",84,1646,0.00182592818015825,0.00919681177191907,0.0141712877387554,339175
2019-04-30,"Boise City, ID","ID",85,1356,0.00593471810089021,0.0157303370786517,0.0753370340999207,207439
2019-04-30,"Toledo, OH","OH",86,977,0.00102459016393443,-0.00306122448979592,-0.0101317122593718,213847
2019-04-30,"Madison, WI","WI",87,1479,0.00543847722637661,0.0150995195607412,0.0321004884856943,219543
2019-04-30,"Lakeland, FL","FL",88,1280,0.00628930817610063,0.0142630744849445,0.038961038961039,190712
2019-04-30,"Ogden, UT","UT",89,1518,0.00396825396825397,0.012,0.0578397212543554,184572
2019-04-30,"Daytona Beach, FL","FL",90,1435,0.00279524807826695,0.00985221674876847,0.049743964886613,252443
2019-04-30,"Des Moines, IA","IA",91,1313,0.0015255530129672,-0.00076103500761035,0.0146831530139104,209054
2019-04-30,"Jackson, MS","MS",92,1234,0.00406834825061025,0.0073469387755102,-0.000809716599190283,178839
2019-04-30,"Youngstown, OH","OH",93,830,0.00362756952841596,0.0196560196560197,0.041405269761606,209568
2019-04-30,"Augusta, GA","GA",94,938,0.00320855614973262,0.00535905680600214,-0.00424628450106157,230587
2019-04-30,"Scranton, PA","PA",95,969,-0.00103092783505155,-0.00920245398773006,-0.016243654822335,203582
2019-04-30,"Harrisburg, PA","PA",96,1301,0.000769230769230769,0.00153964588144727,0.026835043409629,183262
2019-04-30,"Melbourne, FL","FL",97,1463,0.00480769230769231,0.0124567474048443,0.0464949928469242,237680
2019-04-30,"Chattanooga, TN","TN",98,1213,0.00497100248550124,0.0108333333333333,0.0142140468227425,200948
2019-04-30,"Spokane, WA","WA",99,1354,0.00370644922164566,0.00819061801935964,0.0463678516228748,176711
2019-04-30,"Provo, UT","UT",100,1497,0.00200803212851406,0.00200803212851406,0.0267489711934156,146766
2019-04-30,"Lancaster, PA","PA",101,1239,0,-0.000806451612903226,0.0376884422110553,150978
2019-04-30,"Modesto, CA","CA",102,1559,0.00257234726688103,0.00971502590673575,0.0871687587168759,132015
2019-04-30,"Durham, NC","NC",103,1432,0.00491228070175439,0.0127298444130127,0.0265232974910394,160714
2019-04-30,"Santa Rosa, CA","CA",104,2806,0,-0.00742836929607358,-0.0123196057726153,144828
2019-04-30,"Lexington, KY","KY",105,1204,0.00249791840133222,0.00500834724540901,0.0203389830508475,168483
2019-04-30,"Lafayette, LA","LA",106,1144,-0.00435161009573542,-0.00866551126516464,-0.0171821305841924,135889
2019-04-30,"Lansing, MI","MI",107,1189,-0.00668337510442774,-0.0149130074565037,0.0171086398631309,144350
2019-04-30,"Fayetteville, AR","AR",108,1162,0.00432152117545376,0.0104347826086957,0.0157342657342657,149206
2019-04-30,"Pensacola, FL","FL",109,1221,0.00659521846661171,0.0175,0.0571428571428571,168719
2019-04-30,"Visalia, CA","CA",110,1231,0.0016273393002441,0.00736497545008183,0.0327181208053691,112449
2019-04-30,"Shreveport, LA","LA",111,1022,-0.00486854917234664,-0.00583657587548638,0.0292044310171198,145917
2019-04-30,"Springfield, MO","MO",112,859,0.00467836257309942,0.0117785630153121,0.0361881785283474,125858
2019-04-30,"York, PA","PA",113,1304,0.000767459708365311,0.00462249614791988,0.0423661071143086,146012
2019-04-30,"Corpus Christi, TX","TX",114,1375,0,-0.00145243282498184,0.0102865540044085,141857
2019-04-30,"Reno, NV","NV",115,1763,0.00341491178144565,0.00915855752718947,0.045050385299348,140232
2019-04-30,"Asheville, NC","NC",116,1440,0.00278551532033426,0.00911002102312544,0.0344827586206897,160858
2019-04-30,"Port St. Lucie, FL","FL",117,1609,0.00311720698254364,0.0081453634085213,0.0400775694893342,196688
2019-04-30,"Huntsville, AL","AL",118,1173,0.00686695278969957,0.0182291666666667,0.0712328767123288,133798
2019-04-30,"Fort Wayne, IN","IN",119,1108,0.00180831826401447,0.00635785649409628,0.00818926296633303,142214
2019-04-30,"Salinas, CA","CA",120,2630,0.00650593187906621,0.0154440154440154,0.063915857605178,88758
2019-04-30,"Vallejo, CA","CA",121,2237,0.00268937696100403,0.0117593848937133,0.0581835383159886,124637
2019-04-30,"Mobile, AL","AL",122,962,0.00312825860271116,0.00944386149003148,0.0433839479392625,139698
2019-04-30,"Reading, PA","PA",123,1290,0.00467289719626168,0.0125588697017268,0.0369774919614148,115388
2019-04-30,"Brownsville, TX","TX",124,921,0.00436205016357688,0.00765864332603939,-0.0128617363344051,129782
2019-04-30,"Killeen, TX","TX",125,1033,0.000968992248062016,0.0029126213592233,0.0381909547738693,126666
2019-04-30,"Canton, OH","OH",126,948,-0.00105374077976818,-0.00105374077976818,0.00743889479277365,143592
2019-04-30,"Beaumont, TX","TX",127,1197,-0.00166805671392827,-0.00333055786844296,-0.000834724540901503,131630
2019-04-30,"Manchester, NH","NH",128,1846,0.000542005420054201,0.00108459869848156,0.044708545557442,150800
2019-04-30,"Salem, OR","OR",129,1558,0.00321957501609787,0.00711053652230123,0.0386666666666667,104478
2019-04-30,"Anchorage, AK","AK",130,1753,0.0028604118993135,0.00343445907269605,0.0115406809001731,108069
2019-04-30,"Davenport, IL","IL",131,978,0.0155763239875389,0.0327349524815206,0.00824742268041237,141052
2019-04-30,"Myrtle Beach, SC","SC",132,1296,0.00154559505409583,0.000772200772200772,0.0277557494052339,246080
2019-04-30,"Montgomery, AL","AL",133,940,-0.00106269925611052,0.00106496272630458,0.00642398286937901,147792
2019-04-30,"Salisbury, MD","DE",134,1341,0.00149365197908887,0.00827067669172932,0.00449438202247191,199843
2019-04-30,"Gulfport, MS","MS",135,1051,0.00190657769304099,0.00670498084291188,0.0531062124248497,121965
2019-04-30,"Tallahassee, FL","FL",136,1248,0.00483091787439614,0.0146341463414634,0.0426065162907268,103312
2019-04-30,"Trenton, NJ","NJ",137,1902,0.00210748155953635,0.00369393139841689,-0.0088587806149036,114870
2019-04-30,"Fayetteville, NC","NC",138,901,0.00445930880713489,0.00782997762863535,0.0157835400225479,116588
2019-04-30,"Hickory, NC","NC",139,1011,0.00198216055500496,0.00297619047619048,0.0698412698412698,166277
2019-04-30,"Huntington, WV","WV",140,916,0,-0.00434782608695652,0.0223214285714286,118546
2019-04-30,"Eugene, OR","OR",141,1455,0.00344827586206897,0.00761772853185596,0.0400285918513224,94958
2019-04-30,"Rockford, IL","IL",142,1140,0.00352112676056338,0.0169491525423729,0.0805687203791469,114692
2019-04-30,"Savannah, GA","GA",143,1297,0.00309358081979892,0.00542635658914729,0.025296442687747,126704
2019-04-30,"Ann Arbor, MI","MI",144,1840,0.00163309744148067,-0.00162778079218665,-0.00915455035002692,113909
2019-04-30,"Ocala, FL","FL",145,1183,0.00424448217317487,0.0128424657534247,0.037719298245614,121341
2019-04-30,"Kalamazoo, MI","MI",146,1268,0.00157977883096367,0.00714853057982526,0.0593149540517962,121159
2019-04-30,"South Bend, IN","IN",147,1013,0.0019782393669634,0.00496031746031746,0.0519210799584631,127540
2019-04-30,"Spartanburg, SC","SC",148,1107,0.00271739130434783,0.00727934485896269,0.0118829981718464,103685
2019-04-30,"Evansville, IN","IN",149,1000,0.00200400801603206,0.001001001001001,0.00806451612903226,115917
2019-04-30,"Kingsport, TN","TN",150,1022,0.00294406280667321,0.0128840436075322,0.0601659751037344,113057
2019-04-30,"Roanoke, VA","VA",151,1179,-0.00422297297297297,-0.00506329113924051,0.0333041191936897,130165
2019-04-30,"Lincoln, NE","NE",152,1314,0.00381970970206264,0.00921658986175115,0.0201863354037267,93729
2019-04-30,"Fort Collins, CO","CO",153,1764,0.00455580865603645,0.0108882521489971,0.0237957051654092,116298
2019-04-30,"Columbus, GA","GA",154,919,0.00218102508178844,0.00767543859649123,0.0314253647586981,91953
2019-04-30,"Boulder, CO","CO",155,2298,0.001743679163034,0.005249343832021,0.0374717832957111,107074
2019-04-30,"Lubbock, TX","TX",156,1156,0.00347222222222222,0.00696864111498258,0.0185022026431718,87371
2019-04-30,"Erie, PA","PA",157,974,0.0124740124740125,0.0252631578947368,0.0350690754516472,83092
2019-04-30,"Fort Smith, AR","AR",158,850,0.00117785630153121,0.00117785630153121,0.00117785630153121,78851
2019-04-30,"Duluth, MN","MN",159,1136,0.0017636684303351,0.0161001788908766,0.0017636684303351,117362
2019-04-30,"Atlantic City, NJ","NJ",160,1480,0.00543478260869565,0.0150891632373114,0.0157858613589568,112952
2019-04-30,"New London, CT","CT",161,1483,0,-0.000673854447439353,-0.00336021505376344,94286
2019-04-30,"San Luis Obispo, CA","CA",162,2477,0.00161746866154468,0.00486815415821501,0.0106079151366789,87808
2019-04-30,"Gainesville, FL","FL",163,1360,0.00443131462333826,0.0179640718562874,0.0608424336973479,74546
2019-04-30,"Santa Cruz, CA","CA",164,3127,0.00160153747597694,0.00676110753380554,0.043028685790527,64144
2019-04-30,"Clarksville, TN","TN",165,1021,0.00393313667649951,0.0139026812313803,0.0344478216818642,92007
2019-04-30,"Cedar Rapids, IA","IA",166,1116,0.0045004500450045,0.0108695652173913,-0.00711743772241993,105961
2019-04-30,"Merced, CA","CA",167,1363,0.00368188512518409,0.0103780578206079,0.06734534064213,60851
2019-04-30,"Wilmington, NC","NC",168,1446,0.00556328233657858,0.0240793201133144,0.0782997762863535,116874
2019-04-30,"Kennewick, WA","WA",169,1480,0.00338983050847458,0.00886162235855487,0.0277777777777778,76894
2019-04-30,"Greeley, CO","CO",170,1729,0.00290023201856148,0.0117027501462844,0.0542682926829268,92838
2019-04-30,"Waco, TX","TX",171,1198,-0.000834028356964137,0,0.0462882096069869,74594
2019-04-30,"Olympia, WA","WA",172,1704,0.00235294117647059,0.00471698113207547,0.047970479704797,91754
2019-04-30,"Amarillo, TX","TX",173,1170,0.00171232876712329,-0.00255754475703325,-0.010989010989011,79611
2019-04-30,"Binghamton, NY","NY",174,1166,-0.00341880341880342,-0.011864406779661,-0.0275229357798165,73155
2019-04-30,"Hagerstown, WV","MD",175,1217,0.00164609053497942,0.00578512396694215,0.0218303946263644,89343
2019-04-30,"Bremerton, WA","WA",176,1825,0.00495594713656388,0.0167130919220056,0.0536951501154734,85614
2019-04-30,"Laredo, TX","TX",177,1154,0.00260642919200695,0.00522648083623693,0.0303571428571429,57292
2019-04-30,"Lynchburg, VA","VA",178,1143,-0.00174672489082969,-0.00174672489082969,0.040983606557377,82954
2019-04-30,"Yakima, WA","WA",179,1188,0.00253164556962025,0.011063829787234,0.0321459600347524,66377
2019-04-30,"Crestview-Fort Walton Beach-Destin, FL","FL",180,1558,0.00711053652230123,0.0223097112860892,0.0519918973666442,127091
2019-04-30,"Topeka, KS","KS",181,970,0.0041407867494824,0.00936524453694069,0.0612691466083151,80288
2019-04-30,"Macon-Bibb County, GA","GA",182,1000,0.00603621730382294,0.00603621730382294,0.00603621730382294,64129
2019-04-30,"Champaign-Urbana, IL","IL",183,1142,0.000876424189307625,0.00439753737906772,0.0151111111111111,72389
2019-04-30,"Tuscaloosa, AL","AL",184,1250,0.00240577385725742,0.0072522159548751,0.0237510237510237,102104
2019-04-30,"College Station, TX","TX",185,1402,0.00214438884917798,0.00935925125989921,0.00718390804597701,57073
2019-04-30,"Sioux Falls, SD","SD",186,1195,0,0.00167644593461861,0.00843881856540084,62240
2019-04-30,"Charleston, WV","WV",187,836,-0.00594530321046373,-0.0141509433962264,-0.0445714285714286,111902
2019-04-30,"Chico, CA","CA",188,1523,0.00860927152317881,0.0262803234501348,0.0591098748261474,61222
2019-04-30,"Charlottesville, VA","VA",189,1551,0.00258564964447317,0.0110821382007823,0.0711325966850829,80929
2019-04-30,"Claremont, NH","NH",190,1511,0.0026542800265428,0.00733333333333333,0.0693559801840057,97327
2019-04-30,"Barnstable Town, MA","MA",191,1888,0.0117899249732047,0.0216450216450216,0.0339539978094195,151741
2019-04-30,"Longview, TX","TX",192,1203,0.00166527893422148,0.00333611342785655,0.0134793597304128,54816
2019-04-30,"Prescott, AZ","AZ",193,1572,0.00319081046585833,0.00898587933247754,0.0261096605744125,80094
2019-04-30,"Tyler, TX","TX",194,1234,0.0008110300081103,-0.000809716599190283,0.00570497147514263,61095
2019-04-30,"Las Cruces, NM","NM",195,1033,0.00388726919339164,0.000968992248062016,0.0361083249749248,55570
2019-04-30,"Fargo, ND","ND",196,1340,0.00449775112443778,0.0151515151515152,0.031562740569669,54494
2019-04-30,"Rochester, MN","MN",197,1387,0.00289226319595083,0.0146305779078274,0.0612088752869166,80046
2019-04-30,"Florence, SC","SC",198,1002,0.003003003003003,0.0110998990918264,0.0558482613277134,75024
2019-04-30,"Medford, OR","OR",199,1551,0.0012911555842479,0.00388349514563107,0.009765625,51461
2019-04-30,"Lafayette-West Lafayette, IN","IN",200,1143,0.00175284837861525,0.00263157894736842,0.0297297297297297,57523
2019-04-30,"Bellingham, WA","WA",201,1751,0.00228963938179737,0.0174317257408483,0.118849840255591,72199
2019-04-30,"Lake Havasu City, AZ","AZ",202,1240,0.00161550888529887,0.00242522231204527,0.0247933884297521,73909
2019-04-30,"Johnson City, TN","TN",203,971,-0.00102880658436214,-0.00308008213552361,0.0440860215053763,87536
2019-04-30,"Yuma, AZ","AZ",204,921,0.00545851528384279,0.0143171806167401,0.0244716351501669,44455
2019-04-30,"Racine, WI","WI",205,1211,0.00665004156275977,0.0142378559463987,0.0726306465899026,63488
2019-04-30,"Athens, GA","GA",206,1290,0.00233100233100233,0.0141509433962264,0.0758965804837364,59605
2019-04-30,"Torrington, CT","CT",207,1559,-0.00192061459667093,-0.00826972010178117,0.0176240208877285,73603
2019-04-30,"St. Cloud, MN","MN",208,1305,-0.00381679389312977,-0.00609291698400609,0.0131987577639752,61961
2019-04-30,"Hilton Head Island, SC","SC",209,1801,0.00111172873818788,0.00446179587283882,0.0315005727376861,92938
2019-04-30,"Hilo, HI","HI",210,1829,0.000547045951859956,0.0149833518312986,0.0670945157526254,68125
2019-04-30,"Panama City, FL","FL",211,1505,0.0329444063143445,0.0897900072411296,0.168478260869565,87392
2019-04-30,"Kingston, NY","NY",212,1718,-0.00174317257408483,-0.00463499420625724,0.0214030915576694,58207
2019-04-30,"Daphne, AL","AL",213,1438,0.00069589422407794,0.00700280112044818,0.0596904937361828,90544
2019-04-30,"Gainesville, GA","GA",214,1380,0.00145137880986938,0.0102489019033675,0.0566615620214395,55669
2019-04-30,"Warner Robins, GA","GA",215,1034,0.00388349514563107,0.0117416829745597,0.0444444444444444,58562
2019-04-30,"Blacksburg, VA","VA",216,1171,0.000854700854700855,0.00342759211653813,0.0271929824561404,51371
2019-04-30,"Jacksonville, NC","NC",217,934,0.0075512405609493,0.0241228070175439,0.0565610859728507,62774
2019-04-30,"Redding, CA","CA",218,1443,0.00347705146036161,0.0147679324894515,0.0849624060150376,50968
2019-04-30,"Joplin, MO","MO",219,783,0.00127877237851662,-0.00127551020408163,-0.0163316582914573,38968
2019-04-30,"El Centro, CA","CA",220,1176,0.00255754475703325,0,0.0594594594594595,35256
2019-04-30,"Terre Haute, IN","IN",221,761,0.00661375661375661,0.0106241699867198,0.0201072386058981,60036
2019-04-30,"East Stroudsburg, PA","PA",222,1315,0.00766283524904214,0.0154440154440154,0.0162287480680062,76361
2019-04-30,"Sioux City, IA","IA",223,1055,0.00380589914367269,0.0115052732502397,0.0153994225216554,54312
2019-04-30,"Greenville, NC","NC",224,1062,0.00188679245283019,0.0143266475644699,0.0662650602409639,55493
2019-04-30,"Yuba City, CA","CA",225,1500,0.00267379679144385,0.00806451612903226,0.0452961672473868,43010
2019-04-30,"Abilene, TX","TX",226,1050,0.00190839694656489,0.00286532951289398,0.0479041916167665,50277
2019-04-30,"Columbia, MO","MO",227,1120,-0.000892060660124889,-0.0017825311942959,-0.00355871886120996,48331
2019-04-30,"Dover, DE","DE",228,1289,0,0.0101880877742947,0.0320256204963971,48995
2019-04-30,"Eau Claire, WI","WI",229,1121,0,0.0108205590622182,0.0293847566574839,50264
2019-04-30,"Janesville, WI","WI",230,893,0.00903954802259887,0.0113250283125708,0.0772014475271411,64875
2019-04-30,"Jackson, MI","MI",231,939,-0.00212539851222104,-0.0339506172839506,-0.0418367346938776,62149
2019-04-30,"Punta Gorda, FL","FL",232,1718,-0.00290191526407429,0.00174927113702624,-0.00521134916039375,91354
2019-04-30,"Bloomington, IN","IN",233,1242,0.00404203718674212,0.0130505709624796,0.0358632193494579,55866
2019-04-30,"Pueblo, CO","CO",234,1134,0.00176678445229682,0.00531914893617021,0.0143112701252236,56775
2019-04-30,"Billings, MT","MT",235,1269,0.00316205533596838,0.0063441712926249,0.0209171359613838,54350
2019-04-30,"Bowling Green, KY","KY",236,1111,0.003613369467028,0.01,0.0828460038986355,40373
2019-04-30,"Bend, OR","OR",237,1752,0.00343642611683849,0.00921658986175115,0.0472205618649133,64943
2019-04-30,"Albany, GA","GA",238,942,0.00212765957446809,0.00212765957446809,0.0118152524167562,38516
2019-04-30,"Vineland, NJ","NJ",239,1240,0.00242522231204527,-0.00481540930979133,-0.0103750997605746,44034
2019-04-30,"Ottawa, IL","IL",240,1028,-0.00676328502415459,-0.0134357005758157,0.030060120240481,58043
2019-04-30,"State College, PA","PA",241,1517,-0.00131665569453588,0.00132013201320132,0.0578800557880056,31628
2019-04-30,"Bangor, ME","ME",242,1184,0.00594732370433305,0.00424088210347752,-0.000843881856540084,52687
2019-04-30,"Alexandria, LA","LA",243,1088,-0.013599274705349,-0.0303030303030303,-0.00366300366300366,37499
2019-04-30,"Decatur, AL","AL",244,850,0.00950118764845606,0.0240963855421687,0.015531660692951,56531
2019-04-30,"Hanford, CA","CA",245,1218,0.00495049504950495,0.0158465387823186,0.0619006102877071,28701
2019-04-30,"Iowa City, IA","IA",246,1398,0.0021505376344086,0.00358937544867193,-0.0237430167597765,53706
2019-04-30,"Wichita Falls, TX","TX",247,903,0.00556792873051225,0.0100671140939597,0.00556792873051225,45143
2019-04-30,"Burlington, NC","NC",248,1056,0.00284900284900285,0.0134357005758157,0.0909090909090909,50404
2019-04-30,"Madera, CA","CA",249,1335,0.00150037509377344,0.00678733031674208,0.068,38155
2019-04-30,"Jefferson City, MO","MO",250,936,0.00214132762312634,-0.00319488817891374,0.00321543408360129,41839
2019-04-30,"Chambersburg, PA","PA",251,1131,-0.00176522506619594,-0.00615114235500879,-0.00264550264550265,43961
2019-04-30,"Texarkana, TX","TX",252,960,0.00104275286757039,-0.00723888314374354,-0.0504451038575668,37544
2019-04-30,"Elizabethtown, KY","KY",253,1034,0,0.00485908649173955,0.0137254901960784,39831
2019-04-30,"Florence, AL","AL",254,889,0,0.00451977401129944,0.017162471395881,54376
2019-04-30,"Grand Junction, CO","CO",255,1303,0.00307929176289453,0.0124320124320124,0.0867389491242702,52923
2019-04-30,"Concord, NH","NH",256,1605,0.00124766063630692,-0.00124455507156192,0.0056390977443609,54631
2019-04-30,"Dothan, AL","AL",257,915,0.00770925110132159,0.0110497237569061,0.023489932885906,42547
2019-04-30,"Santa Fe, NM","NM",258,1896,0,0.00958466453674121,0.0846681922196796,57335
2019-04-30,"Johnstown, PA","PA",259,681,0.00442477876106195,0.0209895052473763,-0.00583941605839416,46620
2019-04-30,"Traverse City, MI","MI",260,1344,-0.00444444444444444,-0.0139398385913426,0.0426687354538402,88727
2019-04-30,"Hattiesburg, MS","MS",261,1150,0.002615518744551,0.00700525394045534,0.0717614165890028,42753
2019-04-30,"Dalton, GA","GA",262,1075,-0.0155677655677656,-0.0236148955495005,-0.00830258302583026,35922
2019-04-30,"Homosassa Springs, FL","FL",263,1197,0.000836120401337793,-0.000834724540901503,0.00588235294117647,59812
2019-04-30,"Auburn, AL","AL",264,1236,0.00980392156862745,0.0231788079470199,0.0048780487804878,38526
2019-04-30,"Valdosta, GA","GA",265,1007,0,0.00499001996007984,0.06,37292
2019-04-30,"Coeur d'Alene, ID","ID",266,1454,0.00275862068965517,0.00553250345781466,0.0408017179670723,66675
2019-04-30,"Springfield, OH","OH",267,835,-0.00119617224880383,0.00967351874244256,0.0489949748743719,48150
2019-04-30,"St. George, UT","UT",268,1496,0.00335345405767941,0.0108108108108108,0.0483531885073581,57936
2019-04-30,"Vero Beach, FL","FL",269,1572,0.00447284345047923,0.0148482892188509,0.0274509803921569,69278
2019-04-30,"Napa, CA","CA",270,2955,-0.00101419878296146,-0.00202634245187437,0.0386643233743409,32517
2019-04-30,"Tupelo, MS","MS",271,1095,0.000914076782449726,0.00550964187327824,0.0195530726256983,37395
2019-04-30,"Eureka, CA","CA",272,1548,0,0.00978473581213307,0.0909090909090909,30416
2019-04-30,"Rapid City, SD","SD",273,1305,-0.00381679389312977,-0.000765696784073507,0.029179810725552,32864
2019-04-30,"Lumberton, NC","NC",274,822,-0.00844390832328106,-0.0167464114832536,0.0160692212608158,17561
2019-04-30,"Wausau, WI","WI",275,1029,-0.00579710144927536,-0.00290697674418605,0.0127952755905512,52249
2019-04-30,"Lebanon, PA","PA",276,1163,-0.00428082191780822,-0.0193929173693086,0.0192813321647677,39537
2019-04-30,"Idaho Falls, ID","ID",277,1160,0.00172711571675302,0.00694444444444444,0.0516772438803264,43447
2019-04-30,"Sierra Vista, AZ","AZ",278,919,0.00218102508178844,0.0143487858719647,0.0723453908984831,36313
2019-04-30,"Lawton, OK","OK",279,736,0.00136054421768707,0.00272479564032698,0.0366197183098592,41426
2019-04-30,"Farmington, NM","NM",280,1086,0.00277008310249307,-0.00912408759124088,-0.014519056261343,27248
2019-04-30,"Jackson, TN","TN",281,918,0.00109051254089422,0.00547645125958379,0.0234113712374582,55754
2019-04-30,"Morgantown, WV","WV",282,1131,-0.00615114235500879,-0.013949433304272,0.0226039783001808,43363
2019-04-30,"Winchester, VA","VA",283,1382,0,0.00509090909090909,0.0252225519287834,43490
2019-04-30,"New Bern, NC","NC",284,1052,0.00285986653956149,0.00766283524904214,0.0551654964894684,42200
2019-04-30,"Logan, ID","UT",285,1071,0.00469043151969981,-0.00557103064066852,-0.0703125,10910
2019-04-30,"Harrisonburg, VA","VA",286,1238,-0.00402252614641995,-0.00322061191626409,0.0765217391304348,33491
2019-04-30,"Beckley, WV","WV",287,797,0,0.00377833753148615,0.0101394169835234,41179
2019-04-30,"Weirton, OH","OH",288,762,0.00395256916996047,0.00793650793650794,-0.0116731517509728,45760
2019-04-30,"Goldsboro, NC","NC",289,981,-0.00406091370558376,0,0.0936454849498328,13053
2019-04-30,"Hammond, LA","LA",290,1201,-0.00414593698175788,-0.00249169435215947,0.0143581081081081,31440
2019-04-30,"Jonesboro, AR","AR",291,979,-0.00102040816326531,-0.00709939148073022,-0.00910931174089069,38263
2019-04-30,"Sherman, TX","TX",292,1315,0.00381679389312977,0.0162287480680062,0.150481189851269,42985
2019-04-30,"Anniston, AL","AL",293,772,0.0012970168612192,-0.00129366106080207,0.0307076101468625,45604
2019-04-30,"Staunton, VA","VA",294,1251,-0.000798722044728434,-0.000798722044728434,0.0121359223300971,42345
2019-04-30,"Mount Vernon, WA","WA",295,1690,-0.00118203309692671,-0.00471142520612485,0.0174593618302228,51657
2019-04-30,"Albany, OR","OR",296,1420,0.00424328147100424,0.00923951670220327,0.0534124629080119,32586
2019-04-30,"Watertown, NY","NY",297,1197,-0.000834724540901503,-0.00166805671392827,0.0152671755725191,28841
2019-04-30,"Williamsport, PA","PA",298,1046,-0.00759013282732448,-0.0132075471698113,0.064089521871821,34780
2019-04-30,"Cleveland, TN","TN",299,986,-0.00101317122593718,-0.00604838709677419,-0.0179282868525896,51225
2019-04-30,"Sheboygan, WI","WI",300,1075,-0.00646950092421442,-0.0191605839416058,-0.0110395584176633,37439
2019-04-30,"Owensboro, KY","KY",301,1000,0.001001001001001,0.00603621730382294,0.0582010582010582,35554
2019-04-30,"Dunn, NC","NC",302,1145,0,0.00174978127734033,0.0223214285714286,25134
2019-04-30,"Wooster, OH","OH",303,1033,-0.0114832535885167,-0.0327715355805243,-0.0946538124452235,32876
2019-04-30,"Morristown, TN","TN",304,1043,-0.00191387559808612,0.00288461538461538,0.0524722502522704,46534
2019-04-30,"Kankakee, IL","IL",305,1164,0.00954032957502168,0.0300884955752212,0.0439461883408072,35138
2019-04-30,"Brunswick, GA","GA",306,1394,0.00504686373467916,0.025,0.0600760456273764,40377
2019-04-30,"San Angelo, TX","TX",307,1227,0.00245098039215686,0.00491400491400491,0.0259197324414716,31242
2019-04-30,"Michigan City, IN","IN",308,911,0.00662983425414365,0.0010989010989011,-0.0480668756530825,70969
2019-04-30,"Wenatchee, WA","WA",309,1641,0.00428396572827417,0.0192546583850932,0.0642023346303502,42787
2019-04-30,"Lawrence, KS","KS",310,1328,0.000753579502637528,0.00758725341426404,0.00682335102350265,28151
2019-04-30,"Decatur, IL","IL",311,963,-0.00413650465356774,0.00103950103950104,0.0115546218487395,41449
2019-04-30,"Missoula, MT","MT",312,1402,0,-0.00213523131672598,0.0196363636363636,37831
2019-04-30,"Salem, OH","OH",313,834,-0.0130177514792899,-0.0257009345794392,-0.0291036088474971,34129
2019-04-30,"Lewiston, ME","ME",314,1276,-0.00700389105058366,-0.0192159877017679,0.044189852700491,37280
2019-04-30,"Roseburg, OR","OR",315,1132,0,0.0107142857142857,0.0916104146576663,32715
2019-04-30,"Sumter, SC","SC",316,839,-0.00710059171597633,-0.0106132075471698,0.00479041916167665,50198
2019-04-30,"Meridian, MS","MS",317,900,0,0.0022271714922049,0.0404624277456647,31228
2019-04-30,"Bluefield, WV","WV",318,850,-0.00117508813160987,0,0.00830367734282325,29840
2019-04-30,"Danville, VA","VA",319,901,-0.00661521499448732,-0.00221483942414175,0.00111111111111111,37696
2019-04-30,"Lima, OH","OH",320,930,0.00867678958785249,0.0276243093922652,0.100591715976331,34835
2019-04-30,"Cookeville, TN","TN",321,1034,-0.00289296046287367,0.002909796314258,0.0759625390218522,43399
2019-04-30,"California-Lexington Park, MD","MD",322,1647,-0.000606796116504854,0.00304506699147381,0.0306633291614518,46148
2019-04-30,"Gadsden, AL","AL",323,877,-0.00566893424036281,-0.00566893424036281,0.0354191263282172,31888
2019-04-30,"Longview, WA","WA",324,1410,0.00642398286937901,0.0165825522710887,0.0545998504113687,32146
2019-04-30,"Ithaca, NY","NY",325,1620,0.00558659217877095,0.00247524752475248,-0.0652048470859781,21052
2019-04-30,"Ashtabula, OH","OH",326,916,-0.00109051254089422,0.011037527593819,0.0269058295964126,34663
2019-04-30,"Gettysburg, PA","PA",327,1334,0.00225394440270473,0.00603318250377074,0.0405616224648986,59419
2019-04-30,"Pine Bluff, AR","AR",328,747,0,-0.00267022696929239,0.00403225806451613,22863
2019-04-30,"Tullahoma, TN","TN",329,1170,-0.00340715502555366,-0.00170648464163823,0.0540540540540541,38307
2019-04-30,"Richmond, KY","KY",330,1017,-0.0068359375,-0.0154888673765731,0.018018018018018,29773
2019-04-30,"Adrian, MI","MI",331,1037,-0.0114394661582459,-0.0262910798122066,-0.0290262172284644,38637
2019-04-30,"Twin Falls, ID","ID",332,1086,0.00277008310249307,-0.00183823529411765,-0.0431718061674009,29831
2019-04-30,"Corning, NY","NY",333,1248,-0.00873709293089754,-0.0265210608424337,-0.0211764705882353,27884
2019-04-30,"Sebring, FL","FL",334,1125,0.00178094390026714,-0.00530503978779841,0.0217983651226158,40850
2019-04-30,"Truckee, CA","CA",335,2089,0.00095831336847149,0.0215158924205379,0.122514777001612,45066
2019-04-30,"Paducah, KY","KY",336,944,-0.00316789862724393,-0.00526870389884088,0,25506
2019-04-30,"Grand Forks, ND","ND",337,1148,-0.00863557858376511,-0.0287648054145516,-0.0254668930390492,16498
2019-04-30,"Fairbanks, AK","AK",338,1668,-0.003584229390681,-0.0089126559714795,0.0133657351154314,20187
2019-04-30,"Mankato, MN","MN",339,1343,0.00448765893792072,0.00825825825825826,0.0591482649842271,24880
2019-04-30,"Cape Girardeau, MO","MO",340,941,0.00319829424307036,0.0217155266015201,0.0490523968784838,39758
2019-04-30,"Hot Springs, AR","AR",341,1047,-0.00380589914367269,-0.0296570898980538,-0.0676758682101514,33868
2019-04-30,"Greenwood, SC","SC",342,1000,-0.00596421471172962,-0.00695134061569017,0.0141987829614604,7254
2019-04-30,"Clarksburg, WV","WV",343,882,0.00684931506849315,0.0126291618828932,0.03886925795053,28883
2019-04-30,"Talladega, AL","AL",344,987,-0.00504032258064516,-0.0100300902708124,0.0249221183800623,24243
2019-04-30,"Dubuque, IA","IA",345,1115,0.00722673893405601,0.0145586897179254,-0.0346320346320346,35303
2019-04-30,"Albertville, AL","AL",346,931,-0.00214362272240086,-0.00427807486631016,0.0119565217391304,33951
2019-04-30,"Manhattan, KS","KS",347,1210,0.0033167495854063,0.00749375520399667,-0.0241935483870968,23850
2019-04-30,"Parkersburg, WV","WV",348,881,-0.00339366515837104,-0.00451977401129944,0.042603550295858,32207
2019-04-30,"New Philadelphia, OH","OH",349,949,-0.0114583333333333,-0.0216494845360825,-0.0266666666666667,29986
2019-04-30,"Orangeburg, SC","SC",350,943,-0.0104931794333683,-0.0156576200417537,0.0150699677072121,24423
2019-04-30,"Cheyenne, WY","WY",351,1177,0.0252613240418118,0.0415929203539823,-0.0932203389830508,32248
2019-04-30,"Brainerd, MN","MN",352,1284,-0.00387897595034911,-0.00772797527047913,0.0304975922953451,46205
2019-04-30,"Kalispell, MT","MT",353,1447,0.00207756232686981,0.00346740638002774,0.0515988372093023,24745
2019-04-30,"Ames, IA","IA",354,1202,-0.0115131578947368,-0.0219690805532954,-0.0631332813717849,30951
2019-04-30,"Bozeman, MT","MT",355,1713,0.00646298472385429,0.00705467372134039,0.0190362879238548,28434
2019-04-30,"Moses Lake, WA","WA",356,1031,0.00782013685239492,0.0238331678252234,0.0456389452332657,25882
2019-04-30,"Meadville, PA","PA",357,989,-0.025615763546798,-0.0499519692603266,-0.0351219512195122,23829
2019-04-30,"Hermiston-Pendleton, OR","OR",358,1323,-0.00601051840721262,-0.011949215832711,0.05,21180
2019-04-30,"Zanesville, OH","OH",359,923,-0.00323974082073434,-0.0159914712153518,0.0324384787472036,29950
2019-04-30,"Corvallis, OR","OR",360,1868,0.00322234156820623,0.00863930885529158,0.0429927414852038,25433
2019-04-30,"Bloomsburg, PA","PA",361,1118,-0.0132391879964696,-0.0244328097731239,-0.0167106420404573,24444
2019-04-30,"Russellville, AR","AR",362,890,-0.00112233445566779,-0.00335946248600224,0.045828437132785,25420
2019-04-30,"Midland, MI","MI",363,1156,-0.00857632933104631,0.0113735783027122,0.151394422310757,30326
2019-04-30,"Opelousas, LA","LA",364,1052,-0.0213953488372093,-0.0427661510464058,-0.0427661510464058,16309
2019-04-30,"Pocatello, ID","ID",365,967,0.0178947368421053,0.0353319057815846,0.0211193241816262,23603
2019-04-30,"Kokomo, IN","IN",366,808,0.00873907615480649,0.00372670807453416,-0.0194174757281553,32375
2019-04-30,"Grants Pass, OR","OR",367,1348,0.00672143390589993,0.00898203592814371,0.037721324095458,14559
2019-04-30,"Huntsville, TX","TX",368,1281,0.00078125,0.00234741784037559,0.0102523659305994,11874
2019-04-30,"Plattsburgh, NY","NY",369,1458,0.00137362637362637,-0.013531799729364,-0.0214765100671141,21643
2019-04-30,"Grand Island, NE","NE",370,1129,-0.00353045013239188,-0.00703605980650836,-0.0174064403829417,22669
2019-04-30,"DuBois, PA","PA",371,944,-0.0115183246073298,-0.0187110187110187,0.00106044538706257,31445
2019-04-30,"Great Falls, MT","MT",372,1228,0,0.00490998363338789,0.0424448217317487,26581
2019-04-30,"Olean, NY","NY",373,1106,-0.0229681978798587,-0.0587234042553191,-0.0721476510067114,25254
2019-04-30,"Auburn, NY","NY",374,1307,-0.0246268656716418,-0.0452885317750183,-0.0325684678016284,22578
2019-04-30,"Portsmouth, OH","OH",375,902,0.00222222222222222,0.0157657657657658,0.069988137603796,17147
2019-04-30,"Oak Harbor, WA","WA",376,1680,0.003584229390681,0.0108303249097473,0.0200364298724954,40041
2019-04-30,"Chillicothe, OH","OH",377,960,-0.0153846153846154,-0.024390243902439,-0.0153846153846154,20032
2019-04-30,"Hinesville, GA","GA",378,1019,0.00295275590551181,0.00295275590551181,-0.0145067698259188,18217
2019-04-30,"Stillwater, OK","OK",379,1162,-0.00257510729613734,-0.00683760683760684,-0.00598802395209581,15423
2019-04-30,"Quincy, IL","IL",380,1050,-0.0150093808630394,-0.0375802016498625,-0.0549054905490549,22956
2019-04-30,"Keene, NH","NH",381,1461,-0.0034106412005457,-0.00747282608695652,0.0259831460674157,22033
2019-04-30,"Sandusky, OH","OH",382,1094,-0.011743450767841,-0.0223413762287757,-0.00725952813067151,30635
2019-04-30,"Searcy, AR","AR",383,903,-0.00550660792951542,-0.0131147540983607,0.0586166471277843,24227
2019-04-30,"Columbus, IN","IN",384,1185,0.00253807106598985,0.00253807106598985,-0.0141430948419301,29610
2019-04-30,"Roanoke Rapids, NC","NC",385,886,0.00567536889897843,0.0172215843857635,0.0572792362768496,15699
2019-04-30,"Centralia, WA","WA",386,1277,-0.00156372165754496,0.0232371794871795,0.109470026064292,24853
2019-04-30,"Helena, MT","MT",387,1293,-0.000772797527047913,-0.00154440154440154,0.0410628019323672,15770
2019-04-30,"Palatka, FL","FL",388,1029,0.00292397660818713,-0.00387221684414327,-0.00675675675675676,17796
2019-04-30,"Mount Airy, NC","NC",389,1068,-0.000935453695042095,0.0028169014084507,0.103305785123967,13165
2019-04-30,"Key West, FL","FL",390,3394,-0.000883132175448925,0.00473653049141504,0.0325524794645573,44733
2019-04-30,"Aberdeen, WA","WA",391,1042,0.00871248789932236,0.0205680705190989,0.0854166666666667,32135
2019-04-30,"Gallup, NM","NM",392,1082,0.0150093808630394,0.0314585319351764,0.0618253189401374,3566
2019-04-30,"Port Angeles, WA","WA",393,1473,-0.00135593220338983,-0.00540175557056043,0.0186721991701245,29949
2019-04-30,"Greenfield Town, MA","MA",394,1785,-0.0165289256198347,-0.0304182509505703,0.015358361774744,25260
2019-04-30,"Muskogee, OK","OK",395,669,0.00299850074962519,0.00299850074962519,0.0340030911901082,32568
2019-04-30,"Frankfort, KY","KY",396,1046,-0.00190839694656489,0.00287631831255992,0.0502008032128514,26418
2019-04-30,"Statesboro, GA","GA",397,1090,-0.00274473924977127,-0.00728597449908925,-0.0036563071297989,17462
2019-04-30,"Marion, IN","IN",398,780,-0.00889453621346887,-0.0188679245283019,0.0103626943005181,25976
2019-04-30,"Shawnee, OK","OK",399,814,0.00246305418719212,0.00992555831265509,0.0251889168765743,31003
2019-04-30,"North Wilkesboro, NC","NC",400,1111,-0.00626118067978533,-0.00626118067978533,0.0560836501901141,18144
2019-04-30,"Richmond, IN","IN",401,816,-0.00244498777506112,-0.00244498777506112,0.0225563909774436,27662
2019-04-30,"Greeneville, TN","TN",402,845,-0.00705052878965922,-0.0035377358490566,0.143437077131258,41804
2019-04-30,"Martinsville, VA","VA",403,925,-0.00323275862068966,-0.00323275862068966,0.0187224669603524,23906
2019-04-30,"Forest City, NC","NC",404,1016,0.00494559841740851,0.0129611166500499,0.0661070304302204,44402
2019-04-30,"Lake City, FL","FL",405,1219,-0.00327064595257563,-0.00327064595257563,0.0563258232235702,14711
2019-04-30,"LaGrange, GA","GA",406,959,0.00841219768664564,0.0267665952890792,0.0873015873015873,22264
2019-04-30,"Marion, OH","OH",407,847,0.00833333333333333,0.0241837968561064,0.0561097256857855,24016
2019-04-30,"Morehead City, NC","NC",408,1342,0.00599700149925038,0.0236460717009916,0.114617940199336,39371
2019-04-30,"Klamath Falls, OR","OR",409,1148,0.000871839581517001,0.00613496932515337,0.0295964125560538,24335
2019-04-30,"Marshall, TX","TX",410,960,0.00208768267223382,0.00418410041841004,0.0115911485774499,21011
2019-04-30,"Charleston, IL","IL",411,1086,-0.0268817204301075,-0.0581092801387684,-0.0710008554319932,20874
2019-04-30,"Clearlake, CA","CA",412,1492,-0.00267379679144385,-0.00599600266489007,0.00336247478143914,22427
2019-04-30,"Hutchinson, KS","KS",413,769,0,-0.00902061855670103,-0.029040404040404,22754
2019-04-30,"Faribault, MN","MN",414,1426,-0.00349406009783368,-0.00627177700348432,0.0244252873563218,36763
2019-04-30,"Elizabeth City, NC","NC",415,1140,-0.000876424189307625,0.00529100529100529,0.0251798561151079,21491
2019-04-30,"Alamogordo, NM","NM",416,953,0.00315789473684211,0.0181623931623932,0.0707865168539326,14750
2019-04-30,"Red Bluff, CA","CA",417,1175,0.0120585701981051,0.0262008733624454,0.0297984224364592,12642
2019-04-30,"Hudson, NY","NY",418,1641,0.016728624535316,0.0288401253918495,0.0655844155844156,21797
2019-04-30,"Coos Bay, OR","OR",419,1315,-0.000759878419452888,-0.00151860288534548,0.0444797458300238,22374
2019-04-30,"Walla Walla, WA","WA",420,1302,0.00540540540540541,0.00618238021638331,0.00773993808049536,16432
2019-04-30,"Oneonta, NY","NY",421,1233,-0.00403877221324717,0.0164880461665293,-0.00242718446601942,18794
2019-04-30,"Baraboo, WI","WI",422,1127,-0.0114035087719298,-0.0191470844212359,0.010762331838565,22430
2019-04-30,"Marietta, OH","OH",423,1042,0.00579150579150579,0.00676328502415459,0.0255905511811024,15412
2019-04-30,"Salina, KS","KS",424,847,0.00593824228028504,0.00953516090584029,0.00474495848161329,22130
2019-04-30,"Big Stone Gap, VA","VA",425,994,0.00302724520686176,0.0111902339776195,0.0101626016260163,6866
2019-04-30,"Sturgis, MI","MI",426,995,-0.00100401606425703,-0.00995024875621891,-0.0216322517207473,23114
2019-04-30,"Fremont, OH","OH",427,1026,0.00391389432485323,0.0158415841584158,0.044806517311609,18211
2019-04-30,"Mount Vernon, OH","OH",428,1075,-0.00278293135435993,-0.00738688827331487,-0.00646950092421442,16935
2019-04-30,"Lewiston, ID","ID",429,1293,0.00232558139534884,0.00232558139534884,0.0117370892018779,20979
2019-04-30,"Shelton, WA","WA",430,1419,0,-0.00769230769230769,0.0179340028694405,23484
2019-04-30,"Albemarle, NC","NC",431,1112,-0.0089126559714795,-0.0089126559714795,0.0550284629981025,21530
2019-04-30,"Enid, OK","OK",432,950,0.00210970464135021,0.0106382978723404,0.0248112189859763,17661
2019-04-30,"Jefferson, GA","GA",433,1361,0.00368731563421829,0.00964391691394659,0.0334092634776006,21213
2019-04-30,"Georgetown, SC","SC",434,1622,-0.0067360685854256,-0.000616142945163278,0.162724014336918,27300
2019-04-30,"Laconia, NH","NH",435,1441,0.00208623087621697,-0.00894085281980743,0.0541331382589612,35387
2019-04-30,"Batavia, NY","NY",436,1373,0.00807635829662261,0.0140324963072378,0.0261584454409566,16695
2019-04-30,"Oxford, NC","NC",437,1208,0.00332225913621262,0.00918964076858814,0.0486111111111111,16387
2019-04-30,"Columbus, MS","MS",438,1071,-0.00649350649350649,-0.00741427247451344,0.0209723546234509,15407
2019-04-30,"Kinston, NC","NC",439,892,-0.0154525386313466,-0.0219298245614035,0.0481786133960047,11576
2019-04-30,"Sterling, IL","IL",440,1077,-0.00645756457564576,-0.0226860254083485,0.0335892514395393,21962
2019-04-30,"Palestine, TX","TX",441,1101,-0.0213333333333333,-0.0442708333333333,-0.026525198938992,9302
2019-04-30,"Dublin, GA","GA",442,975,0.00827300930713547,0.0166840458811262,0.0317460317460317,14919
2019-04-30,"Vicksburg, MS","MS",443,1132,-0.00527240773286467,-0.00439753737906772,0.0510677808727948,13639
2019-04-30,"Sanford, NC","NC",444,1013,0.00896414342629482,0.0232323232323232,0.0629590766002099,21810
2019-04-30,"Fergus Falls, MN","MN",445,1250,-0.0219092331768388,-0.0406753645433615,-0.0226739640344019,30520
2019-04-30,"Tiffin, OH","OH",446,955,0.00632244467860906,0.0148777895855473,0.0403050108932462,18164
2019-04-30,"Fairmont, WV","WV",447,879,-0.00340136054421769,-0.0101351351351351,0.00687285223367698,20416
2019-04-30,"Crossville, TN","TN",448,1119,-0.0114840989399293,-0.0370051635111876,-0.0175592625109745,23444
2019-04-30,"Picayune, MS","MS",449,1140,-0.0026246719160105,-0.00610287707061901,0,10237
2019-04-30,"Gloversville, NY","NY",450,1332,-0.0140636565507032,-0.0319767441860465,-0.0305676855895197,18279
2019-04-30,"Sonora, CA","CA",451,1466,0.00410958904109589,0.0131306150656531,0.0223152022315202,21388
2019-04-30,"Carson City, NV","NV",452,1568,0.00641848523748395,0.0214983713355049,0.120800571837026,14942
2019-04-30,"Calhoun, GA","GA",453,1142,0.000876424189307625,0.00439753737906772,0.0372388737511353,16853
2019-04-30,"Milledgeville, GA","GA",454,1063,-0.00931966449207828,-0.0175600739371534,0.0370731707317073,11755
2019-04-30,"Waycross, GA","GA",455,965,0.00311850311850312,0.0115303983228512,0.0443722943722944,13090
2019-04-30,"Morgan City, LA","LA",456,1034,-0.0309278350515464,-0.0565693430656934,-0.0161750713606089,11684
2019-04-30,"Eagle Pass, TX","TX",457,1126,-0.00617828773168579,-0.0148731408573928,0.0162454873646209,11838
2019-04-30,"Ontario, OR","OR",458,1221,-0.00731707317073171,-0.020850040096231,0.0251889168765743,14736
2019-04-30,"Carlsbad, NM","NM",459,1203,0.0433651344319167,0.0857400722021661,0.0552631578947368,14576
2019-04-30,"Payson, AZ","AZ",460,1319,-0.00151400454201363,0.00380517503805175,0.056044835868695,20279
2019-04-30,"McComb, MS","MS",461,939,-0.00424178154825027,-0.00844772967265047,0.0598194130925508,9756
2019-04-30,"Rochelle, IL","IL",462,1229,-0.0199362041467305,-0.03984375,-0.0284584980237154,18186
2019-04-30,"Scottsboro, AL","AL",463,892,0.0045045045045045,0.00904977375565611,0.0312138728323699,9347
2019-04-30,"Danville, KY","KY",464,929,0.00215749730312837,0.0141921397379913,0.0520951302378256,14596
2019-04-30,"Greenville, OH","OH",465,1012,0.00696517412935323,0.0201612903225806,0.0607966457023061,15633
2019-04-30,"Warrensburg, MO","MO",466,987,0.0112704918032787,0.00406917599186165,-0.061787072243346,13335
2019-04-30,"Fort Leonard Wood, MO","MO",467,891,-0.00112107623318386,-0.00223964165733483,0.00337837837837838,10274
2019-04-30,"Glasgow, KY","KY",468,929,-0.00641711229946524,-0.00853788687299893,0.0391498881431767,13629
2019-04-30,"Athens, TN","TN",469,1035,-0.00480769230769231,0.00387972841901067,0.146179401993355,18368
2019-04-30,"Edwards, CO","CO",470,3770,-0.00527704485488127,0.00586979722518677,0.020297699594046,29010
2019-04-30,"Fernley, NV","NV",471,1482,0.00542740841248304,0.0136798905608755,0.0466101694915254,15063
2019-04-30,"Platteville, WI","WI",472,1073,-0.0137867647058824,-0.0254314259763851,0.0170616113744076,12370
2019-04-30,"Boone, NC","NC",473,1375,0.0021865889212828,0.00954478707782672,0.042456406368461,26096
2019-04-30,"Bartlesville, OK","OK",474,930,0.00107642626480086,0.0163934426229508,0.0379464285714286,22160
2019-04-30,"Jacksonville, TX","TX",475,1160,-0.00343642611683849,-0.0102389078498294,0.0202286719437115,8628
2019-04-30,"Elko, NV","NV",476,1431,0.0028030833917309,0.00988002822865208,0.0623608017817372,9196
2019-04-30,"Rexburg, ID","ID",477,1198,-0.00415627597672485,-0.00415627597672485,0.086128739800544,15333
2019-04-30,"St. Marys, GA","GA",478,1149,0.00349344978165939,0.00437062937062937,0.0204262877442274,16250
2019-04-30,"Ozark, AL","AL",479,858,0.00350877192982456,0.0082256169212691,0.012987012987013,14632
2019-04-30,"Amsterdam, NY","NY",480,1266,-0.026902382782475,-0.0531039640987285,-0.026902382782475,14347
2019-04-30,"Enterprise, AL","AL",481,902,0.00222222222222222,0.00669642857142857,0.0203619909502262,21777
2019-04-30,"Kerrville, TX","TX",482,1441,-0.00552104899930987,-0.0109814687714482,-0.0203942895989123,12506
2019-04-30,"New Castle, IN","IN",483,809,0,0.00123762376237624,0.00247831474597274,18347
2019-04-30,"Sidney, OH","OH",484,1084,0.0046339202965709,0.0111940298507463,0.0255439924314096,13388
2019-04-30,"Cortland, NY","NY",485,1342,-0.0117820324005891,-0.024,0.00449101796407186,12233
2019-04-30,"Clinton, IA","IA",486,929,-0.0127523910733262,-0.0210748155953635,0.00868621064060804,18437
2019-04-30,"Del Rio, TX","TX",487,1190,-0.0033500837520938,-0.00501672240802676,0.0214592274678112,10273
2019-04-30,"Washington, NC","NC",488,1120,0.00448430493273543,0.0200364298724954,0.126760563380282,5865
2019-04-30,"Burlington, IA","IA",489,900,-0.00110987791342952,-0.0099009900990099,-0.0364025695931477,16560
2019-04-30,"Cadillac, MI","MI",490,951,0.00210748155953635,-0.00209863588667366,0.0519911504424779,20762
2019-04-30,"Ardmore, OK","OK",491,838,0.00721153846153846,0.0169902912621359,-0.0367816091954023,20486
2019-04-30,"Kendallville, IN","IN",492,1031,-0.00290135396518375,-0.00578592092574735,0.00194363459669582,14722
2019-04-30,"Nogales, AZ","AZ",493,1190,-0.00167785234899329,0.00337268128161889,0.0577777777777778,13554
2019-04-30,"Oxford, MS","MS",494,1359,0.0029520295202952,0.00369276218611521,-0.0523012552301255,13590
2019-04-30,"Plymouth, IN","IN",495,1087,0.00184331797235023,0.000920810313075506,-0.0198376916140667,15267
2019-04-30,"Gardnerville Ranchos, NV","NV",496,1896,0,0.00583554376657825,0.076049943246311,20558
2019-04-30,"Tahlequah, OK","OK",497,855,0.00588235294117647,0.0106382978723404,-0.0183696900114811,15484
2019-04-30,"Caon City, CO","CO",498,1242,-0.00798722044728434,-0.00956937799043062,0.0393305439330544,15749
2019-04-30,"Ruston, LA","LA",499,1218,0.00329489291598023,0.00827814569536424,-0.0065252854812398,8591
2019-04-30,"Lewistown, PA","PA",500,1021,0.00393313667649951,0.00989119683481701,0.0547520661157025,10501
2019-04-30,"Rockingham, NC","NC",501,912,0.0122086570477248,0.0305084745762712,0.0742049469964664,3335
2019-04-30,"Blytheville, AR","AR",502,807,-0.00123762376237624,-0.0098159509202454,-0.00493218249075216,8591
2019-04-30,"Cedar City, UT","UT",503,1164,0.00518134715025907,-0.00342465753424658,0.0572207084468665,12192
2019-04-30,"Bedford, IN","IN",504,862,0.00936768149882904,0.0177095631641086,0.0249702734839477,16700
2019-04-30,"Newport, OR","OR",505,1470,0.00204498977505112,0.00341296928327645,0.0272536687631027,23318
2019-04-30,"Bellefontaine, OH","OH",506,1023,0.000978473581213307,0.00688976377952756,0.017910447761194,17364
2019-04-30,"McAlester, OK","OK",507,850,0.00117785630153121,0.00117785630153121,0.00235849056603774,15423
2019-04-30,"Blackfoot, ID","ID",508,1049,-0.025092936802974,-0.0437556973564266,0.0294406280667321,13133
2019-04-30,"Henderson, NC","NC",509,964,-0.0153217568947906,-0.0242914979757085,0.0444203683640303,7065
2019-04-30,"Coldwater, MI","MI",510,957,-0.00208550573514077,-0.0154320987654321,-0.0103412616339193,17861
2019-04-30,"Rolla, MO","MO",511,818,-0.00122100122100122,0.0111248454882571,0.10840108401084,15708
2019-04-30,"Shelbyville, TN","TN",512,1217,-0.00490596892886345,-0.00734094616639478,0.0209731543624161,15107
2019-04-30,"Duncan, OK","OK",513,721,-0.00551724137931034,-0.0123287671232877,-0.0150273224043716,18299
2019-04-30,"Pullman, WA","WA",514,1413,-0.00211864406779661,-0.00492957746478873,0.0576347305389222,8785
2019-04-30,"Bemidji, MN","MN",515,1311,0.00306044376434583,0.0154918667699458,0.0429594272076372,12056
2019-04-30,"Pahrump, NV","NV",516,1349,0.00148478099480327,0.00973053892215569,0.0879032258064516,9739
2019-04-30,"Menomonie, WI","WI",517,1251,-0.00635424940428912,-0.0188235294117647,0.0664961636828645,13876
2019-04-30,"Bucyrus, OH","OH",518,818,0.00987654320987654,0.0212234706616729,0.0328282828282828,15891
2019-04-30,"Bradford, PA","PA",519,926,-0.0021551724137931,0.00761697497279652,0.0357941834451902,13354
2019-04-30,"Bardstown, KY","KY",520,1046,0.00287631831255992,0.0135658914728682,0.0356435643564356,15112
2019-04-30,"Cornelia, GA","GA",521,1213,0.00413907284768212,0.00915141430948419,0.0763087843833185,21416
2019-04-30,"Muscatine, IA","IA",522,1111,-0.0185512367491166,-0.0254385964912281,-0.0141969831410825,12484
2019-04-30,"Alma, MI","MI",523,861,-0.00577367205542725,-0.00577367205542725,0.0423728813559322,13249
2019-04-30,"Durant, OK","OK",524,934,-0.00106951871657754,0,-0.00426439232409382,11201
2019-04-30,"Seymour, IN","IN",525,971,0.00621761658031088,0.005175983436853,-0.00817160367722165,13868
2019-04-30,"Willmar, MN","MN",526,1232,-0.00484652665589661,-0.00884955752212389,0.00489396411092985,14223
2019-04-30,"Auburn, IN","IN",527,1047,-0.00285714285714286,-0.00758293838862559,-0.0178236397748593,11475
2019-04-30,"Paragould, AR","AR",528,873,-0.00456100342075257,-0.00908059023836549,-0.0223964165733483,13957
2019-04-30,"Warren, PA","PA",529,981,-0.00203458799593082,-0.00203458799593082,0.0380952380952381,12244
2019-04-30,"Mountain Home, AR","AR",530,965,-0.00720164609053498,-0.0122824974411464,-0.0143003064351379,14750
2019-04-30,"Cedartown, GA","GA",531,1075,0.012241054613936,0.0396518375241779,0.111685625646329,14670
2019-04-30,"Port Clinton, OH","OH",532,1161,0.00345721694036301,0.010443864229765,0.0184210526315789,23794
2019-04-30,"El Campo, TX","TX",533,1306,0.000766283524904215,0.00153374233128834,0.0116189000774593,12266
2019-04-30,"Montrose, CO","CO",534,1301,0.00540958268933539,-0.000768049155145929,-0.0377218934911243,13586
2019-04-30,"Ellensburg, WA","WA",535,1579,-0.00126502213788741,-0.013125,0.0206851971557854,16475
2019-04-30,"Sandpoint, ID","ID",536,1367,0.00293470286133529,0.0140949554896142,0.0936,18568
2019-04-30,"Alice, TX","TX",537,1096,-0.0117222723174031,-0.0188003581020591,0.0129390018484288,5787
2019-04-30,"Celina, OH","OH",538,1139,0.00529567519858782,0.0115452930728242,0.0363967242948135,11559
2019-04-30,"Garden City, KS","KS",539,1121,-0.0044404973357016,-0.0079646017699115,0.00809352517985612,9738
2019-04-30,"Marshalltown, IA","IA",540,858,0.00233644859813084,0.00586166471277843,0.0153846153846154,16327
2019-04-30,"Cullowhee, NC","NC",541,1312,0.00229182582123759,0.00845503458877786,0.0479233226837061,18261
2019-04-30,"Espaola, NM","NM",542,1159,-0.000862068965517241,-0.00515021459227468,0.00958188153310104,1069
2019-04-30,"Tifton, GA","GA",543,1085,-0.00367309458218549,-0.00458715596330275,0.0303893637226971,8892
2019-04-30,"Urbana, OH","OH",544,1053,0.00190294957183635,0.0105566218809981,0.073394495412844,12075
2019-04-30,"Okeechobee, FL","FL",545,1333,0.00452147701582517,0.0106141015921152,0.0293436293436293,8171
2019-04-30,"Selinsgrove, PA","PA",546,1136,-0.0265638389031705,-0.0517529215358931,-0.0445752733389403,9457
2019-04-30,"Natchitoches, LA","LA",547,1157,-0.0119555935098207,-0.0309882747068677,-0.0236286919831224,7713
2019-04-30,"Berlin, NH","NH",548,1216,0.00495867768595041,0.0141784820683903,0.0287648054145516,18542
2019-04-30,"Lock Haven, PA","PA",549,940,0,0.0118406889128095,0.007502679528403,10497
2019-04-30,"Sikeston, MO","MO",550,820,0.00244498777506112,0.00737100737100737,0.0392902408111534,10000
2019-04-30,"Clewiston, FL","FL",551,1302,0.00462962962962963,0.00930232558139535,0.0316957210776545,6652
2019-04-30,"Pittsburg, KS","KS",552,697,0.00432276657060519,0.0014367816091954,0.00432276657060519,13236
2019-04-30,"Logansport, IN","IN",553,781,0.0142857142857143,0.0289855072463768,0.0427236315086782,13207
2019-04-30,"Pontiac, IL","IL",554,1109,0.000902527075812274,-0.0018001800180018,-0.0115864527629234,12671
2019-04-30,"Mount Vernon, IL","IL",555,927,-0.0106723585912487,-0.0242105263157895,-0.043343653250774,11939
2019-04-30,"Houghton, MI","MI",556,949,0.00317124735729387,0.00529661016949152,0.072316384180791,18927
2019-04-30,"Gainesville, TX","TX",557,1357,-0.00147167034584253,0,0.0233785822021116,11534
2019-04-30,"Kill Devil Hills, NC","NC",558,1463,0.00205479452054795,0.00136892539356605,0.0245098039215686,15266
2019-04-30,"Crawfordsville, IN","IN",559,964,-0.0153217568947906,-0.0203252032520325,-0.0122950819672131,17423
2019-04-30,"Brownwood, TX","TX",560,956,0.00843881856540084,0.0170212765957447,0.0335135135135135,14036
2019-04-30,"Stephenville, TX","TX",561,1250,-0.00239425379090184,-0.00398406374501992,0.0262725779967159,7351
2019-04-30,"Easton, MD","MD",562,1708,0,0.00293599530240752,-0.00639906922629436,18806
2019-04-30,"North Platte, NE","NE",563,1076,-0.0101195952161913,-0.0119375573921028,0.0247619047619048,10895
2019-04-30,"Newberry, SC","SC",564,976,-0.00408163265306122,0,0.0328042328042328,18414
2019-04-30,"Ada, OK","OK",565,879,-0.00227014755959137,0,-0.00677966101694915,11498
2019-04-30,"Moscow, ID","ID",566,1331,-0.00150037509377344,-0.00224887556221889,0.0333850931677019,9704
2019-04-30,"Safford, AZ","AZ",567,1237,-0.00241935483870968,-0.00402576489533011,0.0719237435008666,7086
2019-04-30,"Murray, KY","KY",568,997,-0.003996003996004,-0.00697211155378486,-0.002002002002002,7479
2019-04-30,"Huntington, IN","IN",569,916,0.00659340659340659,0.0166481687014428,0.0444697833523375,13426
2019-04-30,"Mayfield, KY","KY",570,878,0.00114025085518814,0.0045766590389016,0.0452380952380952,2591
2019-04-30,"Escanaba, MI","MI",571,939,0.00320512820512821,0.00535331905781585,0.0780711825487945,23475
2019-04-30,"Astoria, OR","OR",572,1544,0.000648088139987038,0.0012970168612192,0.00455432661027977,17334
2019-04-30,"Peru, IN","IN",573,791,0.0102171136653895,0.018018018018018,0.0299479166666667,11563
2019-04-30,"Coshocton, OH","OH",574,876,0.00689655172413793,0.0174216027874564,0.028169014084507,9118
2019-04-30,"Newton, IA","IA",575,1066,-0.00559701492537313,0.000938967136150235,0.017175572519084,12744
2019-04-30,"Fremont, NE","NE",576,1144,-0.002615518744551,-0.00608166811468288,0.0205173951828724,11206
2019-04-30,"Hutchinson, MN","MN",577,1286,-0.00464396284829721,-0.00232738557020946,0.0370967741935484,12623
2019-04-30,"Batesville, AR","AR",578,849,-0.00933488914819136,-0.0252583237657865,0.00592417061611374,8702
2019-04-30,"Owatonna, MN","MN",579,1290,-0.00232018561484919,0.00233100233100233,0.0403225806451613,14035
2019-04-30,"Vidalia, GA","GA",580,1044,0.000958772770853308,0.00481231953801732,0.0235294117647059,7329
2019-04-30,"Laramie, WY","WY",581,1162,0.00172413793103448,0.000861326442721792,0.0113141862489121,11218
2019-04-30,"Plainview, TX","TX",582,901,0.00445930880713489,0.00782997762863535,0.00895856662933931,9732
2019-04-30,"Big Spring, TX","TX",583,1058,0.00761904761904762,0.00666032350142721,0.0242013552758954,10231
2019-04-30,"Laurinburg, NC","NC",584,862,0.00466200466200466,0.0153121319199058,0.0448484848484848,6065
2019-04-30,"Dixon, IL","IL",585,1073,-0.0271985494106981,-0.0529567519858782,0.0056232427366448,12282
2019-04-30,"Alexandria, MN","MN",586,1349,0.00297397769516729,0.00671641791044776,0.0416988416988417,13207
2019-04-30,"DeRidder, LA","LA",587,1106,-0.0195035460992908,-0.0365853658536585,-0.0298245614035088,8360
2019-04-30,"Lebanon, MO","MO",588,786,-0.013801756587202,-0.0437956204379562,-0.0284301606922126,9541
2019-04-30,"Coffeyville, KS","KS",589,687,0.0102941176470588,0.0223214285714286,0.0618238021638331,12560
2019-04-30,"Seneca Falls, NY","NY",590,1334,-0.00373412994772218,0,0.0190985485103132,9907
2019-04-30,"Sulphur Springs, TX","TX",591,1331,-0.00597460791635549,-0.00893521965748325,0.0246343341031563,7981
2019-04-30,"Martin, TN","TN",592,899,0.00111358574610245,0.00897867564534231,0.0613931523022432,12402
2019-04-30,"Susanville, CA","CA",593,1388,0.0161054172767204,0.0397003745318352,0.0801556420233463,9473
2019-04-30,"Arcadia, FL","FL",594,1309,0.00460475825019187,0.0108108108108108,0.0210608424336973,6813
2019-04-30,"Junction City, KS","KS",595,1013,0,-0.00588812561334642,-0.0559179869524697,10133
2019-04-30,"Butte, MT","MT",596,963,0.00208116545265349,0.0168954593453009,0.165859564164649,11916
2019-04-30,"Angola, IN","IN",597,1122,-0.00266666666666667,-0.0114537444933921,-0.0105820105820106,13585
2019-04-30,"Dodge City, KS","KS",598,861,0.0034965034965035,0,-0.0193621867881549,8516
2019-04-30,"Brenham, TX","TX",599,1402,-0.00637845499645641,-0.0133708655876144,0.00142857142857143,8583
2019-04-30,"Emporia, KS","KS",600,764,0.00526315789473684,-0.00391134289439374,0.0186666666666667,10078
2019-04-30,"Jackson, OH","OH",601,901,0.00445930880713489,0.0169300225733634,0.0625,5698
2019-04-30,"Frankfort, IN","IN",602,844,-0.0105509964830012,-0.0163170163170163,-0.00705882352941176,12609
2019-04-30,"Taos, NM","NM",603,1264,-0.000790513833992095,0.00237906423473434,0.0160771704180064,15309
2019-04-30,"Malvern, AR","AR",604,877,0.00114155251141553,0.00573394495412844,0.0403321470937129,8354
2019-04-30,"Troy, AL","AL",605,993,0.00201816347124117,0.00201816347124117,0.0290155440414508,5883
2019-04-30,"Cambridge, MD","MD",606,1330,-0.000751314800901578,-0.00225056264066016,0.0366328916601715,20451
2019-04-30,"Vernal, UT","UT",607,903,0.00668896321070234,0.0078125,0.0355504587155963,9926
2019-04-30,"Kingsville, TX","TX",608,1118,0,0.00269058295964126,0.0342275670675301,6437
2019-04-30,"Madison, IN","IN",609,940,0.00642398286937901,0.0118406889128095,0.00106496272630458,9502
2019-04-30,"Hastings, NE","NE",610,1053,-0.00847457627118644,-0.0121951219512195,-0.0339449541284404,8522
2019-04-30,"Albert Lea, MN","MN",611,1005,-0.0147058823529412,-0.0345821325648415,-0.0242718446601942,13504
2019-04-30,"Lincoln, IL","IL",612,969,0.00103305785123967,-0.00103092783505155,0.0178571428571429,8823
2019-04-30,"Jesup, GA","GA",613,1066,0.0018796992481203,0.00661000944287063,0.0420332355816227,6557
2019-04-30,"Alpena, MI","MI",614,883,0.00113378684807256,0.00455062571103527,0.0449704142011834,16712
2019-04-30,"Silver City, NM","NM",615,932,-0.00533617929562433,0.014145810663765,0.179746835443038,8367
2019-04-30,"Washington Court House, OH","OH",616,977,0.00308008213552361,0.00929752066115703,0.0134854771784232,8105
2019-04-30,"Van Wert, OH","OH",617,945,0.00638977635782748,0.0172228202368138,0.0535117056856187,9030
2019-04-30,"Ludington, MI","MI",618,1008,-0.000991080277502478,-0.00591715976331361,0.0233502538071066,16204
2019-04-30,"Hays, KS","KS",619,1118,-0.000893655049151028,-0.00622222222222222,0.0448598130841121,8852
2019-04-30,"Hailey, ID","ID",620,1513,0.0039814200398142,0.0113636363636364,0.0100133511348465,12128
2019-04-30,"Great Bend, KS","KS",621,722,-0.00550964187327824,-0.0163487738419619,-0.0411686586985392,9750
2019-04-30,"Weatherford, OK","OK",622,927,0.00651465798045603,0.00870511425462459,0.00324675324675325,8686
2019-04-30,"Grants, NM","NM",623,972,-0.00307692307692308,0.00102986611740474,0.0418006430868167,4122
2019-04-30,"Thomaston, GA","GA",624,906,0.00778642936596218,0.0202702702702703,0.0671378091872792,9706
2019-04-30,"Mountain Home, ID","ID",625,1054,0.00285442435775452,0.0115163147792706,0.0550550550550551,9863
2019-04-30,"Altus, OK","OK",626,671,0.00298953662182362,-0.0103244837758112,-0.0641562064156206,9279
2019-04-30,"Boone, IA","IA",627,1039,-0.0170293282876064,-0.0325884543761639,-0.0334883720930233,10089
2019-04-30,"Toccoa, GA","GA",628,1090,0.00739371534195933,0.0158434296365331,0.0792079207920792,8240
2019-04-30,"Ottawa, KS","KS",629,944,0,-0.00526870389884088,-0.0156412930135558,7426
2019-04-30,"Marshall, MN","MN",630,1177,-0.00591216216216216,-0.0100925147182506,0.0315512708150745,8224
2019-04-30,"La Grande, OR","OR",631,1358,-0.00220426157237326,-0.00585651537335286,0.0609375,7255
2019-04-30,"Greensburg, IN","IN",632,1018,0.00295566502463054,0.00592885375494071,0,8611
2019-04-30,"Mexico, MO","MO",633,879,-0.00340136054421769,-0.0123595505617978,0.0280701754385965,7951
2019-04-30,"Moberly, MO","MO",634,864,-0.00115606936416185,-0.0023094688221709,0.0273483947681332,6908
2019-04-30,"The Dalles, OR","OR",635,1511,0.000662251655629139,0.0100267379679144,0.070871722182849,8074
2019-04-30,"Deming, NM","NM",636,929,-0.0106496272630458,-0.00853788687299893,0.112574850299401,5322
2019-04-30,"Fallon, NV","NV",637,1398,0.00431034482758621,0.0137781000725163,0.0862470862470862,5959
2019-04-30,"Fredericksburg, TX","TX",638,1668,-0.00119760479041916,-0.00536672629695885,0.00240384615384615,5611
2019-04-30,"Campbellsville, KY","KY",639,938,-0.00212765957446809,0.00535905680600214,0.0646992054483541,7020
2019-04-30,"Connersville, IN","IN",640,751,0.00535475234270415,0.0148648648648649,0.0562587904360056,8461
2019-04-30,"Spearfish, SD","SD",641,1220,-0.0278884462151394,-0.0505836575875486,-0.0200803212851406,7568
2019-04-30,"Steamboat Springs, CO","CO",642,2033,0.0231504781077,0.0447070914696814,0.0170085042521261,18214
2019-04-30,"Cordele, GA","GA",643,940,0.00858369098712446,0.0228509249183896,0.0375275938189845,4925
2019-04-30,"Wahpeton, ND","ND",644,1066,0,0.0309477756286267,0.0670670670670671,8653
2019-04-30,"Mitchell, SD","SD",645,1022,-0.011605415860735,-0.0312796208530806,-0.0666666666666667,6256
2019-04-30,"Sterling, CO","CO",646,1254,-0.0248833592534992,-0.0550113036925396,-0.0427480916030534,5626
2019-04-30,"Pampa, TX","TX",647,988,0,-0.00503524672708963,-0.0198412698412698,6170
2019-04-30,"Brookings, OR","OR",648,1529,-0.00130633572828217,-0.00260926288323549,0.0241125251172137,8336
2019-04-30,"Hood River, OR","OR",649,1839,-0.000543478260869565,0.00108873162765378,0.035472972972973,7304
2019-04-30,"Beatrice, NE","NE",650,1063,-0.00561272217025257,-0.00281425891181989,-0.0184672206832872,6497
2019-04-30,"Elk City, OK","OK",651,850,0.00117785630153121,0.00117785630153121,0.00830367734282325,6658
2019-04-30,"Dumas, TX","TX",652,1040,0.010689990281827,0.01364522417154,0.00192678227360308,5407
2019-04-30,"Price, UT","UT",653,1117,-0.00356824264049955,0.0117753623188406,0.136317395727365,7239
2019-04-30,"Worthington, MN","MN",654,1073,-0.00648148148148148,-0.0137867647058824,0.0740740740740741,5621
2019-04-30,"Pierre, SD","SD",655,1206,0.000829875518672199,0.00249376558603491,-0.00985221674876847,5067
2019-04-30,"Prineville, OR","OR",656,1456,-0.00273972602739726,-0.000686341798215511,0.037776193870278,7355
2019-04-30,"Woodward, OK","OK",657,917,0.00438116100766703,0.0110253583241455,-0.024468085106383,6937
2019-04-30,"Othello, WA","WA",658,1267,0.00875796178343949,0.0127897681854516,0.0176706827309237,3356
2019-04-30,"Los Alamos, NM","NM",659,1451,0.00693962526023595,0.00974251913709116,0.000689655172413793,7790
2019-04-30,"Atchison, KS","KS",660,846,0.00355871886120996,-0.00470588235294118,0.0119617224880383,6497
2019-04-30,"Snyder, TX","TX",661,995,0.00403632694248234,0.00606673407482305,0.00100603621730382,4812
2019-04-30,"Fairfield, IA","IA",662,942,-0.00317460317460317,-0.0207900207900208,-0.0494450050454087,4186
2019-04-30,"Winnemucca, NV","NV",663,1371,0.00883002207505519,0.0185735512630015,0.0855106888361045,2498
2019-04-30,"Sweetwater, TX","TX",664,985,0.00407747196738022,-0.00202634245187437,0.0144181256436663,5346
2019-04-30,"Andrews, TX","TX",665,1263,0.00637450199203187,0.0120192307692308,-0.01328125,3766
2019-04-30,"Craig, CO","CO",666,1430,0.0185185185185185,0.0430342815463166,0.138535031847134,4217
2019-04-30,"Pecos, TX","TX",667,1008,0.0100200400801603,0.0161290322580645,0.045643153526971,2374
2019-04-30,"Vernon, TX","TX",668,978,0.00204918032786885,-0.00508646998982706,-0.00102145045965271,4101
